contract,sample_id,planet,measure,profile,jhora_value_virupa,profile_value_virupa,jhora_minus_profile_virupa,absolute_delta_virupa,pass_fail,sample_era,tolerance_virupa
GANN_JHORA_KAALA_FORMULA_PROFILE_RECONCILIATION_V1,case_8_event_start,JUPITER,ayana,ayana_actual_declination,58.520000000,58.102390302,0.417609698,0.417609698,pass,recent_2025,0.500000000
GANN_JHORA_KAALA_FORMULA_PROFILE_RECONCILIATION_V1,case_8_event_start,MARS,ayana,ayana_actual_declination,58.280000000,62.713506334,-4.433506334,4.433506334,fail,recent_2025,0.500000000
GANN_JHORA_KAALA_FORMULA_PROFILE_RECONCILIATION_V1,case_8_event_start,MERCURY,ayana,ayana_actual_declination,32.840000000,34.766473108,-1.926473108,1.926473108,fail,recent_2025,0.500000000
GANN_JHORA_KAALA_FORMULA_PROFILE_RECONCILIATION_V1,case_8_event_start,MOON,ayana,ayana_actual_declination,0.070000000,0.000000000,0.070000000,0.070000000,pass,recent_2025,0.500000000
GANN_JHORA_KAALA_FORMULA_PROFILE_RECONCILIATION_V1,case_8_event_start,SATURN,ayana,ayana_actual_declination,34.150000000,36.561650138,-2.411650138,2.411650138,fail,recent_2025,0.500000000
GANN_JHORA_KAALA_FORMULA_PROFILE_RECONCILIATION_V1,case_8_event_start,SUN,ayana,ayana_actual_declination,47.430000000,47.111987272,0.318012728,0.318012728,pass,recent_2025,0.500000000
GANN_JHORA_KAALA_FORMULA_PROFILE_RECONCILIATION_V1,case_8_event_start,VENUS,ayana,ayana_actual_declination,35.240000000,44.250495615,-9.010495615,9.010495615,fail,recent_2025,0.500000000
GANN_JHORA_KAALA_FORMULA_PROFILE_RECONCILIATION_V1,case_8_event_start,JUPITER,ayana,ayana_tropical_projection,58.520000000,58.593123632,-0.073123632,0.073123632,pass,recent_2025,0.500000000
GANN_JHORA_KAALA_FORMULA_PROFILE_RECONCILIATION_V1,case_8_event_start,MARS,ayana,ayana_tropical_projection,58.280000000,58.485248230,-0.205248230,0.205248230,pass,recent_2025,0.500000000
GANN_JHORA_KAALA_FORMULA_PROFILE_RECONCILIATION_V1,case_8_event_start,MERCURY,ayana,ayana_tropical_projection,32.840000000,32.740556601,0.099443399,0.099443399,pass,recent_2025,0.500000000
GANN_JHORA_KAALA_FORMULA_PROFILE_RECONCILIATION_V1,case_8_event_start,MOON,ayana,ayana_tropical_projection,0.070000000,0.009483769,0.060516231,0.060516231,pass,recent_2025,0.500000000
GANN_JHORA_KAALA_FORMULA_PROFILE_RECONCILIATION_V1,case_8_event_start,SATURN,ayana,ayana_tropical_projection,34.150000000,34.315213961,-0.165213961,0.165213961,pass,recent_2025,0.500000000
GANN_JHORA_KAALA_FORMULA_PROFILE_RECONCILIATION_V1,case_8_event_start,SUN,ayana,ayana_tropical_projection,47.430000000,47.105792304,0.324207696,0.324207696,pass,recent_2025,0.500000000
GANN_JHORA_KAALA_FORMULA_PROFILE_RECONCILIATION_V1,case_8_event_start,VENUS,ayana,ayana_tropical_projection,35.240000000,35.166539737,0.073460263,0.073460263,pass,recent_2025,0.500000000
GANN_JHORA_KAALA_FORMULA_PROFILE_RECONCILIATION_V1,case_8_event_start,JUPITER,hora,hora_astronomical_sunrise,0.000000000,0.000000000,0.000000000,0.000000000,pass,recent_2025,0.500000000
GANN_JHORA_KAALA_FORMULA_PROFILE_RECONCILIATION_V1,case_8_event_start,MARS,hora,hora_astronomical_sunrise,0.000000000,0.000000000,0.000000000,0.000000000,pass,recent_2025,0.500000000
GANN_JHORA_KAALA_FORMULA_PROFILE_RECONCILIATION_V1,case_8_event_start,MERCURY,hora,hora_astronomical_sunrise,0.000000000,0.000000000,0.000000000,0.000000000,pass,recent_2025,0.500000000
GANN_JHORA_KAALA_FORMULA_PROFILE_RECONCILIATION_V1,case_8_event_start,MOON,hora,hora_astronomical_sunrise,0.000000000,60.000000000,-60.000000000,60.000000000,fail,recent_2025,0.500000000
GANN_JHORA_KAALA_FORMULA_PROFILE_RECONCILIATION_V1,case_8_event_start,SATURN,hora,hora_astronomical_sunrise,60.000000000,0.000000000,60.000000000,60.000000000,fail,recent_2025,0.500000000
GANN_JHORA_KAALA_FORMULA_PROFILE_RECONCILIATION_V1,case_8_event_start,SUN,hora,hora_astronomical_sunrise,0.000000000,0.000000000,0.000000000,0.000000000,pass,recent_2025,0.500000000
GANN_JHORA_KAALA_FORMULA_PROFILE_RECONCILIATION_V1,case_8_event_start,VENUS,hora,hora_astronomical_sunrise,0.000000000,0.000000000,0.000000000,0.000000000,pass,recent_2025,0.500000000
GANN_JHORA_KAALA_FORMULA_PROFILE_RECONCILIATION_V1,case_8_event_start,JUPITER,hora,hora_variable_day_night,0.000000000,0.000000000,0.000000000,0.000000000,pass,recent_2025,0.500000000
GANN_JHORA_KAALA_FORMULA_PROFILE_RECONCILIATION_V1,case_8_event_start,MARS,hora,hora_variable_day_night,0.000000000,60.000000000,-60.000000000,60.000000000,fail,recent_2025,0.500000000
GANN_JHORA_KAALA_FORMULA_PROFILE_RECONCILIATION_V1,case_8_event_start,MERCURY,hora,hora_variable_day_night,0.000000000,0.000000000,0.000000000,0.000000000,pass,recent_2025,0.500000000
GANN_JHORA_KAALA_FORMULA_PROFILE_RECONCILIATION_V1,case_8_event_start,MOON,hora,hora_variable_day_night,0.000000000,0.000000000,0.000000000,0.000000000,pass,recent_2025,0.500000000
GANN_JHORA_KAALA_FORMULA_PROFILE_RECONCILIATION_V1,case_8_event_start,SATURN,hora,hora_variable_day_night,60.000000000,0.000000000,60.000000000,60.000000000,fail,recent_2025,0.500000000
GANN_JHORA_KAALA_FORMULA_PROFILE_RECONCILIATION_V1,case_8_event_start,SUN,hora,hora_variable_day_night,0.000000000,0.000000000,0.000000000,0.000000000,pass,recent_2025,0.500000000
GANN_JHORA_KAALA_FORMULA_PROFILE_RECONCILIATION_V1,case_8_event_start,VENUS,hora,hora_variable_day_night,0.000000000,0.000000000,0.000000000,0.000000000,pass,recent_2025,0.500000000
GANN_JHORA_KAALA_FORMULA_PROFILE_RECONCILIATION_V1,case_8_event_start,JUPITER,nathonnatha,nathonnatha_apparent_solar,6.540000000,4.359061423,2.180938577,2.180938577,fail,recent_2025,0.500000000
GANN_JHORA_KAALA_FORMULA_PROFILE_RECONCILIATION_V1,case_8_event_start,MARS,nathonnatha,nathonnatha_apparent_solar,53.460000000,55.640938577,-2.180938577,2.180938577,fail,recent_2025,0.500000000
GANN_JHORA_KAALA_FORMULA_PROFILE_RECONCILIATION_V1,case_8_event_start,MERCURY,nathonnatha,nathonnatha_apparent_solar,60.000000000,60.000000000,0.000000000,0.000000000,pass,recent_2025,0.500000000
GANN_JHORA_KAALA_FORMULA_PROFILE_RECONCILIATION_V1,case_8_event_start,MOON,nathonnatha,nathonnatha_apparent_solar,53.460000000,55.640938577,-2.180938577,2.180938577,fail,recent_2025,0.500000000
GANN_JHORA_KAALA_FORMULA_PROFILE_RECONCILIATION_V1,case_8_event_start,SATURN,nathonnatha,nathonnatha_apparent_solar,53.460000000,55.640938577,-2.180938577,2.180938577,fail,recent_2025,0.500000000
GANN_JHORA_KAALA_FORMULA_PROFILE_RECONCILIATION_V1,case_8_event_start,SUN,nathonnatha,nathonnatha_apparent_solar,6.540000000,4.359061423,2.180938577,2.180938577,fail,recent_2025,0.500000000
GANN_JHORA_KAALA_FORMULA_PROFILE_RECONCILIATION_V1,case_8_event_start,VENUS,nathonnatha,nathonnatha_apparent_solar,6.540000000,4.359061423,2.180938577,2.180938577,fail,recent_2025,0.500000000
GANN_JHORA_KAALA_FORMULA_PROFILE_RECONCILIATION_V1,case_8_event_start,JUPITER,nathonnatha,nathonnatha_lmt_source,6.540000000,3.449900000,3.090100000,3.090100000,fail,recent_2025,0.500000000
GANN_JHORA_KAALA_FORMULA_PROFILE_RECONCILIATION_V1,case_8_event_start,MARS,nathonnatha,nathonnatha_lmt_source,53.460000000,56.550100000,-3.090100000,3.090100000,fail,recent_2025,0.500000000
GANN_JHORA_KAALA_FORMULA_PROFILE_RECONCILIATION_V1,case_8_event_start,MERCURY,nathonnatha,nathonnatha_lmt_source,60.000000000,60.000000000,0.000000000,0.000000000,pass,recent_2025,0.500000000
GANN_JHORA_KAALA_FORMULA_PROFILE_RECONCILIATION_V1,case_8_event_start,MOON,nathonnatha,nathonnatha_lmt_source,53.460000000,56.550100000,-3.090100000,3.090100000,fail,recent_2025,0.500000000
GANN_JHORA_KAALA_FORMULA_PROFILE_RECONCILIATION_V1,case_8_event_start,SATURN,nathonnatha,nathonnatha_lmt_source,53.460000000,56.550100000,-3.090100000,3.090100000,fail,recent_2025,0.500000000
GANN_JHORA_KAALA_FORMULA_PROFILE_RECONCILIATION_V1,case_8_event_start,SUN,nathonnatha,nathonnatha_lmt_source,6.540000000,3.449900000,3.090100000,3.090100000,fail,recent_2025,0.500000000
GANN_JHORA_KAALA_FORMULA_PROFILE_RECONCILIATION_V1,case_8_event_start,VENUS,nathonnatha,nathonnatha_lmt_source,6.540000000,3.449900000,3.090100000,3.090100000,fail,recent_2025,0.500000000
GANN_JHORA_KAALA_FORMULA_PROFILE_RECONCILIATION_V1,case_43_event_start,JUPITER,ayana,ayana_actual_declination,59.040000000,58.719073990,0.320926010,0.320926010,pass,recent_2025,0.500000000
GANN_JHORA_KAALA_FORMULA_PROFILE_RECONCILIATION_V1,case_43_event_start,MARS,ayana,ayana_actual_declination,56.870000000,60.395799171,-3.525799171,3.525799171,fail,recent_2025,0.500000000
GANN_JHORA_KAALA_FORMULA_PROFILE_RECONCILIATION_V1,case_43_event_start,MERCURY,ayana,ayana_actual_declination,31.180000000,30.313967258,0.866032742,0.866032742,fail,recent_2025,0.500000000
GANN_JHORA_KAALA_FORMULA_PROFILE_RECONCILIATION_V1,case_43_event_start,MOON,ayana,ayana_actual_declination,0.050000000,0.000000000,0.050000000,0.050000000,pass,recent_2025,0.500000000
GANN_JHORA_KAALA_FORMULA_PROFILE_RECONCILIATION_V1,case_43_event_start,SATURN,ayana,ayana_actual_declination,32.480000000,34.905166849,-2.425166849,2.425166849,fail,recent_2025,0.500000000
GANN_JHORA_KAALA_FORMULA_PROFILE_RECONCILIATION_V1,case_43_event_start,SUN,ayana,ayana_actual_declination,74.680000000,74.476989823,0.203010177,0.203010177,pass,recent_2025,0.500000000
GANN_JHORA_KAALA_FORMULA_PROFILE_RECONCILIATION_V1,case_43_event_start,VENUS,ayana,ayana_actual_declination,28.270000000,35.963135728,-7.693135728,7.693135728,fail,recent_2025,0.500000000
GANN_JHORA_KAALA_FORMULA_PROFILE_RECONCILIATION_V1,case_43_event_start,JUPITER,ayana,ayana_tropical_projection,59.040000000,59.114866859,-0.074866859,0.074866859,pass,recent_2025,0.500000000
GANN_JHORA_KAALA_FORMULA_PROFILE_RECONCILIATION_V1,case_43_event_start,MARS,ayana,ayana_tropical_projection,56.870000000,57.145526770,-0.275526770,0.275526770,pass,recent_2025,0.500000000
GANN_JHORA_KAALA_FORMULA_PROFILE_RECONCILIATION_V1,case_43_event_start,MERCURY,ayana,ayana_tropical_projection,31.180000000,31.313322735,-0.133322735,0.133322735,pass,recent_2025,0.500000000
GANN_JHORA_KAALA_FORMULA_PROFILE_RECONCILIATION_V1,case_43_event_start,MOON,ayana,ayana_tropical_projection,0.050000000,0.005438339,0.044561661,0.044561661,pass,recent_2025,0.500000000
GANN_JHORA_KAALA_FORMULA_PROFILE_RECONCILIATION_V1,case_43_event_start,SATURN,ayana,ayana_tropical_projection,32.480000000,32.627494817,-0.147494817,0.147494817,pass,recent_2025,0.500000000
GANN_JHORA_KAALA_FORMULA_PROFILE_RECONCILIATION_V1,case_43_event_start,SUN,ayana,ayana_tropical_projection,74.680000000,74.483396944,0.196603056,0.196603056,pass,recent_2025,0.500000000
GANN_JHORA_KAALA_FORMULA_PROFILE_RECONCILIATION_V1,case_43_event_start,VENUS,ayana,ayana_tropical_projection,28.270000000,28.130213519,0.139786481,0.139786481,pass,recent_2025,0.500000000
GANN_JHORA_KAALA_FORMULA_PROFILE_RECONCILIATION_V1,case_43_event_start,JUPITER,hora,hora_astronomical_sunrise,0.000000000,0.000000000,0.000000000,0.000000000,pass,recent_2025,0.500000000
GANN_JHORA_KAALA_FORMULA_PROFILE_RECONCILIATION_V1,case_43_event_start,MARS,hora,hora_astronomical_sunrise,0.000000000,0.000000000,0.000000000,0.000000000,pass,recent_2025,0.500000000
GANN_JHORA_KAALA_FORMULA_PROFILE_RECONCILIATION_V1,case_43_event_start,MERCURY,hora,hora_astronomical_sunrise,0.000000000,0.000000000,0.000000000,0.000000000,pass,recent_2025,0.500000000
GANN_JHORA_KAALA_FORMULA_PROFILE_RECONCILIATION_V1,case_43_event_start,MOON,hora,hora_astronomical_sunrise,0.000000000,0.000000000,0.000000000,0.000000000,pass,recent_2025,0.500000000
GANN_JHORA_KAALA_FORMULA_PROFILE_RECONCILIATION_V1,case_43_event_start,SATURN,hora,hora_astronomical_sunrise,0.000000000,0.000000000,0.000000000,0.000000000,pass,recent_2025,0.500000000
GANN_JHORA_KAALA_FORMULA_PROFILE_RECONCILIATION_V1,case_43_event_start,SUN,hora,hora_astronomical_sunrise,0.000000000,0.000000000,0.000000000,0.000000000,pass,recent_2025,0.500000000
GANN_JHORA_KAALA_FORMULA_PROFILE_RECONCILIATION_V1,case_43_event_start,VENUS,hora,hora_astronomical_sunrise,60.000000000,60.000000000,0.000000000,0.000000000,pass,recent_2025,0.500000000
GANN_JHORA_KAALA_FORMULA_PROFILE_RECONCILIATION_V1,case_43_event_start,JUPITER,hora,hora_variable_day_night,0.000000000,0.000000000,0.000000000,0.000000000,pass,recent_2025,0.500000000
GANN_JHORA_KAALA_FORMULA_PROFILE_RECONCILIATION_V1,case_43_event_start,MARS,hora,hora_variable_day_night,0.000000000,0.000000000,0.000000000,0.000000000,pass,recent_2025,0.500000000
GANN_JHORA_KAALA_FORMULA_PROFILE_RECONCILIATION_V1,case_43_event_start,MERCURY,hora,hora_variable_day_night,0.000000000,0.000000000,0.000000000,0.000000000,pass,recent_2025,0.500000000
GANN_JHORA_KAALA_FORMULA_PROFILE_RECONCILIATION_V1,case_43_event_start,MOON,hora,hora_variable_day_night,0.000000000,0.000000000,0.000000000,0.000000000,pass,recent_2025,0.500000000
GANN_JHORA_KAALA_FORMULA_PROFILE_RECONCILIATION_V1,case_43_event_start,SATURN,hora,hora_variable_day_night,0.000000000,0.000000000,0.000000000,0.000000000,pass,recent_2025,0.500000000
GANN_JHORA_KAALA_FORMULA_PROFILE_RECONCILIATION_V1,case_43_event_start,SUN,hora,hora_variable_day_night,0.000000000,0.000000000,0.000000000,0.000000000,pass,recent_2025,0.500000000
GANN_JHORA_KAALA_FORMULA_PROFILE_RECONCILIATION_V1,case_43_event_start,VENUS,hora,hora_variable_day_night,60.000000000,60.000000000,0.000000000,0.000000000,pass,recent_2025,0.500000000
GANN_JHORA_KAALA_FORMULA_PROFILE_RECONCILIATION_V1,case_43_event_start,JUPITER,nathonnatha,nathonnatha_apparent_solar,36.440000000,31.294008283,5.145991717,5.145991717,fail,recent_2025,0.500000000
GANN_JHORA_KAALA_FORMULA_PROFILE_RECONCILIATION_V1,case_43_event_start,MARS,nathonnatha,nathonnatha_apparent_solar,23.560000000,28.705991717,-5.145991717,5.145991717,fail,recent_2025,0.500000000
GANN_JHORA_KAALA_FORMULA_PROFILE_RECONCILIATION_V1,case_43_event_start,MERCURY,nathonnatha,nathonnatha_apparent_solar,60.000000000,60.000000000,0.000000000,0.000000000,pass,recent_2025,0.500000000
GANN_JHORA_KAALA_FORMULA_PROFILE_RECONCILIATION_V1,case_43_event_start,MOON,nathonnatha,nathonnatha_apparent_solar,23.560000000,28.705991717,-5.145991717,5.145991717,fail,recent_2025,0.500000000
GANN_JHORA_KAALA_FORMULA_PROFILE_RECONCILIATION_V1,case_43_event_start,SATURN,nathonnatha,nathonnatha_apparent_solar,23.560000000,28.705991717,-5.145991717,5.145991717,fail,recent_2025,0.500000000
GANN_JHORA_KAALA_FORMULA_PROFILE_RECONCILIATION_V1,case_43_event_start,SUN,nathonnatha,nathonnatha_apparent_solar,36.440000000,31.294008283,5.145991717,5.145991717,fail,recent_2025,0.500000000
GANN_JHORA_KAALA_FORMULA_PROFILE_RECONCILIATION_V1,case_43_event_start,VENUS,nathonnatha,nathonnatha_apparent_solar,36.440000000,31.294008283,5.145991717,5.145991717,fail,recent_2025,0.500000000
GANN_JHORA_KAALA_FORMULA_PROFILE_RECONCILIATION_V1,case_43_event_start,JUPITER,nathonnatha,nathonnatha_lmt_source,36.440000000,31.550100000,4.889900000,4.889900000,fail,recent_2025,0.500000000
GANN_JHORA_KAALA_FORMULA_PROFILE_RECONCILIATION_V1,case_43_event_start,MARS,nathonnatha,nathonnatha_lmt_source,23.560000000,28.449900000,-4.889900000,4.889900000,fail,recent_2025,0.500000000
GANN_JHORA_KAALA_FORMULA_PROFILE_RECONCILIATION_V1,case_43_event_start,MERCURY,nathonnatha,nathonnatha_lmt_source,60.000000000,60.000000000,0.000000000,0.000000000,pass,recent_2025,0.500000000
GANN_JHORA_KAALA_FORMULA_PROFILE_RECONCILIATION_V1,case_43_event_start,MOON,nathonnatha,nathonnatha_lmt_source,23.560000000,28.449900000,-4.889900000,4.889900000,fail,recent_2025,0.500000000
GANN_JHORA_KAALA_FORMULA_PROFILE_RECONCILIATION_V1,case_43_event_start,SATURN,nathonnatha,nathonnatha_lmt_source,23.560000000,28.449900000,-4.889900000,4.889900000,fail,recent_2025,0.500000000
GANN_JHORA_KAALA_FORMULA_PROFILE_RECONCILIATION_V1,case_43_event_start,SUN,nathonnatha,nathonnatha_lmt_source,36.440000000,31.550100000,4.889900000,4.889900000,fail,recent_2025,0.500000000
GANN_JHORA_KAALA_FORMULA_PROFILE_RECONCILIATION_V1,case_43_event_start,VENUS,nathonnatha,nathonnatha_lmt_source,36.440000000,31.550100000,4.889900000,4.889900000,fail,recent_2025,0.500000000
GANN_JHORA_KAALA_FORMULA_PROFILE_RECONCILIATION_V1,case_103_event_start,JUPITER,ayana,ayana_actual_declination,59.610000000,59.568335737,0.041664263,0.041664263,pass,recent_2025,0.500000000
GANN_JHORA_KAALA_FORMULA_PROFILE_RECONCILIATION_V1,case_103_event_start,MARS,ayana,ayana_actual_declination,51.570000000,53.877977998,-2.307977998,2.307977998,fail,recent_2025,0.500000000
GANN_JHORA_KAALA_FORMULA_PROFILE_RECONCILIATION_V1,case_103_event_start,MERCURY,ayana,ayana_actual_declination,48.570000000,46.417019667,2.152980333,2.152980333,fail,recent_2025,0.500000000
GANN_JHORA_KAALA_FORMULA_PROFILE_RECONCILIATION_V1,case_103_event_start,MOON,ayana,ayana_actual_declination,59.920000000,66.446025958,-6.526025958,6.526025958,fail,recent_2025,0.500000000
GANN_JHORA_KAALA_FORMULA_PROFILE_RECONCILIATION_V1,case_103_event_start,SATURN,ayana,ayana_actual_declination,30.270000000,32.792058014,-2.522058014,2.522058014,fail,recent_2025,0.500000000
GANN_JHORA_KAALA_FORMULA_PROFILE_RECONCILIATION_V1,case_103_event_start,SUN,ayana,ayana_actual_declination,108.540000000,108.720065272,-0.180065272,0.180065272,pass,recent_2025,0.500000000
GANN_JHORA_KAALA_FORMULA_PROFILE_RECONCILIATION_V1,case_103_event_start,VENUS,ayana,ayana_actual_declination,35.350000000,34.235305580,1.114694420,1.114694420,fail,recent_2025,0.500000000
GANN_JHORA_KAALA_FORMULA_PROFILE_RECONCILIATION_V1,case_103_event_start,JUPITER,ayana,ayana_tropical_projection,59.610000000,59.849630828,-0.239630828,0.239630828,pass,recent_2025,0.500000000
GANN_JHORA_KAALA_FORMULA_PROFILE_RECONCILIATION_V1,case_103_event_start,MARS,ayana,ayana_tropical_projection,51.570000000,51.774318354,-0.204318354,0.204318354,pass,recent_2025,0.500000000
GANN_JHORA_KAALA_FORMULA_PROFILE_RECONCILIATION_V1,case_103_event_start,MERCURY,ayana,ayana_tropical_projection,48.570000000,48.630863949,-0.060863949,0.060863949,pass,recent_2025,0.500000000
GANN_JHORA_KAALA_FORMULA_PROFILE_RECONCILIATION_V1,case_103_event_start,MOON,ayana,ayana_tropical_projection,59.920000000,59.988874757,-0.068874757,0.068874757,pass,recent_2025,0.500000000
GANN_JHORA_KAALA_FORMULA_PROFILE_RECONCILIATION_V1,case_103_event_start,SATURN,ayana,ayana_tropical_projection,30.270000000,30.389817440,-0.119817440,0.119817440,pass,recent_2025,0.500000000
GANN_JHORA_KAALA_FORMULA_PROFILE_RECONCILIATION_V1,case_103_event_start,SUN,ayana,ayana_tropical_projection,108.540000000,108.744301678,-0.204301678,0.204301678,pass,recent_2025,0.500000000
GANN_JHORA_KAALA_FORMULA_PROFILE_RECONCILIATION_V1,case_103_event_start,VENUS,ayana,ayana_tropical_projection,35.350000000,35.267100426,0.082899574,0.082899574,pass,recent_2025,0.500000000
GANN_JHORA_KAALA_FORMULA_PROFILE_RECONCILIATION_V1,case_103_event_start,JUPITER,hora,hora_astronomical_sunrise,60.000000000,60.000000000,0.000000000,0.000000000,pass,recent_2025,0.500000000
GANN_JHORA_KAALA_FORMULA_PROFILE_RECONCILIATION_V1,case_103_event_start,MARS,hora,hora_astronomical_sunrise,0.000000000,0.000000000,0.000000000,0.000000000,pass,recent_2025,0.500000000
GANN_JHORA_KAALA_FORMULA_PROFILE_RECONCILIATION_V1,case_103_event_start,MERCURY,hora,hora_astronomical_sunrise,0.000000000,0.000000000,0.000000000,0.000000000,pass,recent_2025,0.500000000
GANN_JHORA_KAALA_FORMULA_PROFILE_RECONCILIATION_V1,case_103_event_start,MOON,hora,hora_astronomical_sunrise,0.000000000,0.000000000,0.000000000,0.000000000,pass,recent_2025,0.500000000
GANN_JHORA_KAALA_FORMULA_PROFILE_RECONCILIATION_V1,case_103_event_start,SATURN,hora,hora_astronomical_sunrise,0.000000000,0.000000000,0.000000000,0.000000000,pass,recent_2025,0.500000000
GANN_JHORA_KAALA_FORMULA_PROFILE_RECONCILIATION_V1,case_103_event_start,SUN,hora,hora_astronomical_sunrise,0.000000000,0.000000000,0.000000000,0.000000000,pass,recent_2025,0.500000000
GANN_JHORA_KAALA_FORMULA_PROFILE_RECONCILIATION_V1,case_103_event_start,VENUS,hora,hora_astronomical_sunrise,0.000000000,0.000000000,0.000000000,0.000000000,pass,recent_2025,0.500000000
GANN_JHORA_KAALA_FORMULA_PROFILE_RECONCILIATION_V1,case_103_event_start,JUPITER,hora,hora_variable_day_night,60.000000000,0.000000000,60.000000000,60.000000000,fail,recent_2025,0.500000000
GANN_JHORA_KAALA_FORMULA_PROFILE_RECONCILIATION_V1,case_103_event_start,MARS,hora,hora_variable_day_night,0.000000000,60.000000000,-60.000000000,60.000000000,fail,recent_2025,0.500000000
GANN_JHORA_KAALA_FORMULA_PROFILE_RECONCILIATION_V1,case_103_event_start,MERCURY,hora,hora_variable_day_night,0.000000000,0.000000000,0.000000000,0.000000000,pass,recent_2025,0.500000000
GANN_JHORA_KAALA_FORMULA_PROFILE_RECONCILIATION_V1,case_103_event_start,MOON,hora,hora_variable_day_night,0.000000000,0.000000000,0.000000000,0.000000000,pass,recent_2025,0.500000000
GANN_JHORA_KAALA_FORMULA_PROFILE_RECONCILIATION_V1,case_103_event_start,SATURN,hora,hora_variable_day_night,0.000000000,0.000000000,0.000000000,0.000000000,pass,recent_2025,0.500000000
GANN_JHORA_KAALA_FORMULA_PROFILE_RECONCILIATION_V1,case_103_event_start,SUN,hora,hora_variable_day_night,0.000000000,0.000000000,0.000000000,0.000000000,pass,recent_2025,0.500000000
GANN_JHORA_KAALA_FORMULA_PROFILE_RECONCILIATION_V1,case_103_event_start,VENUS,hora,hora_variable_day_night,0.000000000,0.000000000,0.000000000,0.000000000,pass,recent_2025,0.500000000
GANN_JHORA_KAALA_FORMULA_PROFILE_RECONCILIATION_V1,case_103_event_start,JUPITER,nathonnatha,nathonnatha_apparent_solar,13.390000000,11.854870027,1.535129973,1.535129973,fail,recent_2025,0.500000000
GANN_JHORA_KAALA_FORMULA_PROFILE_RECONCILIATION_V1,case_103_event_start,MARS,nathonnatha,nathonnatha_apparent_solar,46.610000000,48.145129973,-1.535129973,1.535129973,fail,recent_2025,0.500000000
GANN_JHORA_KAALA_FORMULA_PROFILE_RECONCILIATION_V1,case_103_event_start,MERCURY,nathonnatha,nathonnatha_apparent_solar,60.000000000,60.000000000,0.000000000,0.000000000,pass,recent_2025,0.500000000
GANN_JHORA_KAALA_FORMULA_PROFILE_RECONCILIATION_V1,case_103_event_start,MOON,nathonnatha,nathonnatha_apparent_solar,46.610000000,48.145129973,-1.535129973,1.535129973,fail,recent_2025,0.500000000
GANN_JHORA_KAALA_FORMULA_PROFILE_RECONCILIATION_V1,case_103_event_start,SATURN,nathonnatha,nathonnatha_apparent_solar,46.610000000,48.145129973,-1.535129973,1.535129973,fail,recent_2025,0.500000000
GANN_JHORA_KAALA_FORMULA_PROFILE_RECONCILIATION_V1,case_103_event_start,SUN,nathonnatha,nathonnatha_apparent_solar,13.390000000,11.854870027,1.535129973,1.535129973,fail,recent_2025,0.500000000
GANN_JHORA_KAALA_FORMULA_PROFILE_RECONCILIATION_V1,case_103_event_start,VENUS,nathonnatha,nathonnatha_apparent_solar,13.390000000,11.854870027,1.535129973,1.535129973,fail,recent_2025,0.500000000
GANN_JHORA_KAALA_FORMULA_PROFILE_RECONCILIATION_V1,case_103_event_start,JUPITER,nathonnatha,nathonnatha_lmt_source,13.390000000,11.550100000,1.839900000,1.839900000,fail,recent_2025,0.500000000
GANN_JHORA_KAALA_FORMULA_PROFILE_RECONCILIATION_V1,case_103_event_start,MARS,nathonnatha,nathonnatha_lmt_source,46.610000000,48.449900000,-1.839900000,1.839900000,fail,recent_2025,0.500000000
GANN_JHORA_KAALA_FORMULA_PROFILE_RECONCILIATION_V1,case_103_event_start,MERCURY,nathonnatha,nathonnatha_lmt_source,60.000000000,60.000000000,0.000000000,0.000000000,pass,recent_2025,0.500000000
GANN_JHORA_KAALA_FORMULA_PROFILE_RECONCILIATION_V1,case_103_event_start,MOON,nathonnatha,nathonnatha_lmt_source,46.610000000,48.449900000,-1.839900000,1.839900000,fail,recent_2025,0.500000000
GANN_JHORA_KAALA_FORMULA_PROFILE_RECONCILIATION_V1,case_103_event_start,SATURN,nathonnatha,nathonnatha_lmt_source,46.610000000,48.449900000,-1.839900000,1.839900000,fail,recent_2025,0.500000000
GANN_JHORA_KAALA_FORMULA_PROFILE_RECONCILIATION_V1,case_103_event_start,SUN,nathonnatha,nathonnatha_lmt_source,13.390000000,11.550100000,1.839900000,1.839900000,fail,recent_2025,0.500000000
GANN_JHORA_KAALA_FORMULA_PROFILE_RECONCILIATION_V1,case_103_event_start,VENUS,nathonnatha,nathonnatha_lmt_source,13.390000000,11.550100000,1.839900000,1.839900000,fail,recent_2025,0.500000000
GANN_JHORA_KAALA_FORMULA_PROFILE_RECONCILIATION_V1,case_127_sr_touch_start,JUPITER,ayana,ayana_actual_declination,59.820000000,59.712605122,0.107394878,0.107394878,pass,recent_2025,0.500000000
GANN_JHORA_KAALA_FORMULA_PROFILE_RECONCILIATION_V1,case_127_sr_touch_start,MARS,ayana,ayana_actual_declination,48.990000000,51.059666291,-2.069666291,2.069666291,fail,recent_2025,0.500000000
GANN_JHORA_KAALA_FORMULA_PROFILE_RECONCILIATION_V1,case_127_sr_touch_start,MERCURY,ayana,ayana_actual_declination,57.040000000,57.604530687,-0.564530687,0.564530687,fail,recent_2025,0.500000000
GANN_JHORA_KAALA_FORMULA_PROFILE_RECONCILIATION_V1,case_127_sr_touch_start,MOON,ayana,ayana_actual_declination,0.030000000,0.000000000,0.030000000,0.030000000,pass,recent_2025,0.500000000
GANN_JHORA_KAALA_FORMULA_PROFILE_RECONCILIATION_V1,case_127_sr_touch_start,SATURN,ayana,ayana_actual_declination,29.750000000,32.326025609,-2.576025609,2.576025609,fail,recent_2025,0.500000000
GANN_JHORA_KAALA_FORMULA_PROFILE_RECONCILIATION_V1,case_127_sr_touch_start,SUN,ayana,ayana_actual_declination,114.840000000,115.204659232,-0.364659232,0.364659232,pass,recent_2025,0.500000000
GANN_JHORA_KAALA_FORMULA_PROFILE_RECONCILIATION_V1,case_127_sr_touch_start,VENUS,ayana,ayana_actual_declination,40.870000000,38.536745320,2.333254680,2.333254680,fail,recent_2025,0.500000000
GANN_JHORA_KAALA_FORMULA_PROFILE_RECONCILIATION_V1,case_127_sr_touch_start,JUPITER,ayana,ayana_tropical_projection,59.820000000,59.963661900,-0.143661900,0.143661900,pass,recent_2025,0.500000000
GANN_JHORA_KAALA_FORMULA_PROFILE_RECONCILIATION_V1,case_127_sr_touch_start,MARS,ayana,ayana_tropical_projection,48.990000000,49.240228594,-0.250228594,0.250228594,pass,recent_2025,0.500000000
GANN_JHORA_KAALA_FORMULA_PROFILE_RECONCILIATION_V1,case_127_sr_touch_start,MERCURY,ayana,ayana_tropical_projection,57.040000000,57.217331021,-0.177331021,0.177331021,pass,recent_2025,0.500000000
GANN_JHORA_KAALA_FORMULA_PROFILE_RECONCILIATION_V1,case_127_sr_touch_start,MOON,ayana,ayana_tropical_projection,0.030000000,0.001972284,0.028027716,0.028027716,pass,recent_2025,0.500000000
GANN_JHORA_KAALA_FORMULA_PROFILE_RECONCILIATION_V1,case_127_sr_touch_start,SATURN,ayana,ayana_tropical_projection,29.750000000,29.868307193,-0.118307193,0.118307193,pass,recent_2025,0.500000000
GANN_JHORA_KAALA_FORMULA_PROFILE_RECONCILIATION_V1,case_127_sr_touch_start,SUN,ayana,ayana_tropical_projection,114.840000000,115.231734110,-0.391734110,0.391734110,pass,recent_2025,0.500000000
GANN_JHORA_KAALA_FORMULA_PROFILE_RECONCILIATION_V1,case_127_sr_touch_start,VENUS,ayana,ayana_tropical_projection,40.870000000,40.866066298,0.003933702,0.003933702,pass,recent_2025,0.500000000
GANN_JHORA_KAALA_FORMULA_PROFILE_RECONCILIATION_V1,case_127_sr_touch_start,JUPITER,hora,hora_astronomical_sunrise,0.000000000,0.000000000,0.000000000,0.000000000,pass,recent_2025,0.500000000
GANN_JHORA_KAALA_FORMULA_PROFILE_RECONCILIATION_V1,case_127_sr_touch_start,MARS,hora,hora_astronomical_sunrise,0.000000000,0.000000000,0.000000000,0.000000000,pass,recent_2025,0.500000000
GANN_JHORA_KAALA_FORMULA_PROFILE_RECONCILIATION_V1,case_127_sr_touch_start,MERCURY,hora,hora_astronomical_sunrise,60.000000000,60.000000000,0.000000000,0.000000000,pass,recent_2025,0.500000000
GANN_JHORA_KAALA_FORMULA_PROFILE_RECONCILIATION_V1,case_127_sr_touch_start,MOON,hora,hora_astronomical_sunrise,0.000000000,0.000000000,0.000000000,0.000000000,pass,recent_2025,0.500000000
GANN_JHORA_KAALA_FORMULA_PROFILE_RECONCILIATION_V1,case_127_sr_touch_start,SATURN,hora,hora_astronomical_sunrise,0.000000000,0.000000000,0.000000000,0.000000000,pass,recent_2025,0.500000000
GANN_JHORA_KAALA_FORMULA_PROFILE_RECONCILIATION_V1,case_127_sr_touch_start,SUN,hora,hora_astronomical_sunrise,0.000000000,0.000000000,0.000000000,0.000000000,pass,recent_2025,0.500000000
GANN_JHORA_KAALA_FORMULA_PROFILE_RECONCILIATION_V1,case_127_sr_touch_start,VENUS,hora,hora_astronomical_sunrise,0.000000000,0.000000000,0.000000000,0.000000000,pass,recent_2025,0.500000000
GANN_JHORA_KAALA_FORMULA_PROFILE_RECONCILIATION_V1,case_127_sr_touch_start,JUPITER,hora,hora_variable_day_night,0.000000000,0.000000000,0.000000000,0.000000000,pass,recent_2025,0.500000000
GANN_JHORA_KAALA_FORMULA_PROFILE_RECONCILIATION_V1,case_127_sr_touch_start,MARS,hora,hora_variable_day_night,0.000000000,0.000000000,0.000000000,0.000000000,pass,recent_2025,0.500000000
GANN_JHORA_KAALA_FORMULA_PROFILE_RECONCILIATION_V1,case_127_sr_touch_start,MERCURY,hora,hora_variable_day_night,60.000000000,0.000000000,60.000000000,60.000000000,fail,recent_2025,0.500000000
GANN_JHORA_KAALA_FORMULA_PROFILE_RECONCILIATION_V1,case_127_sr_touch_start,MOON,hora,hora_variable_day_night,0.000000000,60.000000000,-60.000000000,60.000000000,fail,recent_2025,0.500000000
GANN_JHORA_KAALA_FORMULA_PROFILE_RECONCILIATION_V1,case_127_sr_touch_start,SATURN,hora,hora_variable_day_night,0.000000000,0.000000000,0.000000000,0.000000000,pass,recent_2025,0.500000000
GANN_JHORA_KAALA_FORMULA_PROFILE_RECONCILIATION_V1,case_127_sr_touch_start,SUN,hora,hora_variable_day_night,0.000000000,0.000000000,0.000000000,0.000000000,pass,recent_2025,0.500000000
GANN_JHORA_KAALA_FORMULA_PROFILE_RECONCILIATION_V1,case_127_sr_touch_start,VENUS,hora,hora_variable_day_night,0.000000000,0.000000000,0.000000000,0.000000000,pass,recent_2025,0.500000000
GANN_JHORA_KAALA_FORMULA_PROFILE_RECONCILIATION_V1,case_127_sr_touch_start,JUPITER,nathonnatha,nathonnatha_apparent_solar,9.380000000,9.272175308,0.107824692,0.107824692,pass,recent_2025,0.500000000
GANN_JHORA_KAALA_FORMULA_PROFILE_RECONCILIATION_V1,case_127_sr_touch_start,MARS,nathonnatha,nathonnatha_apparent_solar,50.620000000,50.727824692,-0.107824692,0.107824692,pass,recent_2025,0.500000000
GANN_JHORA_KAALA_FORMULA_PROFILE_RECONCILIATION_V1,case_127_sr_touch_start,MERCURY,nathonnatha,nathonnatha_apparent_solar,60.000000000,60.000000000,0.000000000,0.000000000,pass,recent_2025,0.500000000
GANN_JHORA_KAALA_FORMULA_PROFILE_RECONCILIATION_V1,case_127_sr_touch_start,MOON,nathonnatha,nathonnatha_apparent_solar,50.620000000,50.727824692,-0.107824692,0.107824692,pass,recent_2025,0.500000000
GANN_JHORA_KAALA_FORMULA_PROFILE_RECONCILIATION_V1,case_127_sr_touch_start,SATURN,nathonnatha,nathonnatha_apparent_solar,50.620000000,50.727824692,-0.107824692,0.107824692,pass,recent_2025,0.500000000
GANN_JHORA_KAALA_FORMULA_PROFILE_RECONCILIATION_V1,case_127_sr_touch_start,SUN,nathonnatha,nathonnatha_apparent_solar,9.380000000,9.272175308,0.107824692,0.107824692,pass,recent_2025,0.500000000
GANN_JHORA_KAALA_FORMULA_PROFILE_RECONCILIATION_V1,case_127_sr_touch_start,VENUS,nathonnatha,nathonnatha_apparent_solar,9.380000000,9.272175308,0.107824692,0.107824692,pass,recent_2025,0.500000000
GANN_JHORA_KAALA_FORMULA_PROFILE_RECONCILIATION_V1,case_127_sr_touch_start,JUPITER,nathonnatha,nathonnatha_lmt_source,9.380000000,9.050100000,0.329900000,0.329900000,pass,recent_2025,0.500000000
GANN_JHORA_KAALA_FORMULA_PROFILE_RECONCILIATION_V1,case_127_sr_touch_start,MARS,nathonnatha,nathonnatha_lmt_source,50.620000000,50.949900000,-0.329900000,0.329900000,pass,recent_2025,0.500000000
GANN_JHORA_KAALA_FORMULA_PROFILE_RECONCILIATION_V1,case_127_sr_touch_start,MERCURY,nathonnatha,nathonnatha_lmt_source,60.000000000,60.000000000,0.000000000,0.000000000,pass,recent_2025,0.500000000
GANN_JHORA_KAALA_FORMULA_PROFILE_RECONCILIATION_V1,case_127_sr_touch_start,MOON,nathonnatha,nathonnatha_lmt_source,50.620000000,50.949900000,-0.329900000,0.329900000,pass,recent_2025,0.500000000
GANN_JHORA_KAALA_FORMULA_PROFILE_RECONCILIATION_V1,case_127_sr_touch_start,SATURN,nathonnatha,nathonnatha_lmt_source,50.620000000,50.949900000,-0.329900000,0.329900000,pass,recent_2025,0.500000000
GANN_JHORA_KAALA_FORMULA_PROFILE_RECONCILIATION_V1,case_127_sr_touch_start,SUN,nathonnatha,nathonnatha_lmt_source,9.380000000,9.050100000,0.329900000,0.329900000,pass,recent_2025,0.500000000
GANN_JHORA_KAALA_FORMULA_PROFILE_RECONCILIATION_V1,case_127_sr_touch_start,VENUS,nathonnatha,nathonnatha_lmt_source,9.380000000,9.050100000,0.329900000,0.329900000,pass,recent_2025,0.500000000
GANN_JHORA_KAALA_FORMULA_PROFILE_RECONCILIATION_V1,gann_reference_tokyo,JUPITER,ayana,ayana_actual_declination,0.220000000,0.439183584,-0.219183584,0.219183584,pass,historical_1889,0.500000000
GANN_JHORA_KAALA_FORMULA_PROFILE_RECONCILIATION_V1,gann_reference_tokyo,MARS,ayana,ayana_actual_declination,28.490000000,26.629755549,1.860244451,1.860244451,fail,historical_1889,0.500000000
GANN_JHORA_KAALA_FORMULA_PROFILE_RECONCILIATION_V1,gann_reference_tokyo,MERCURY,ayana,ayana_actual_declination,43.150000000,40.408751223,2.741248777,2.741248777,fail,historical_1889,0.500000000
GANN_JHORA_KAALA_FORMULA_PROFILE_RECONCILIATION_V1,gann_reference_tokyo,MOON,ayana,ayana_actual_declination,0.430000000,3.554089361,-3.124089361,3.124089361,fail,historical_1889,0.500000000
GANN_JHORA_KAALA_FORMULA_PROFILE_RECONCILIATION_V1,gann_reference_tokyo,SATURN,ayana,ayana_actual_declination,10.640000000,8.250975983,2.389024017,2.389024017,fail,historical_1889,0.500000000
GANN_JHORA_KAALA_FORMULA_PROFILE_RECONCILIATION_V1,gann_reference_tokyo,SUN,ayana,ayana_actual_declination,25.950000000,23.817801497,2.132198503,2.132198503,fail,historical_1889,0.500000000
GANN_JHORA_KAALA_FORMULA_PROFILE_RECONCILIATION_V1,gann_reference_tokyo,VENUS,ayana,ayana_actual_declination,35.370000000,35.410075565,-0.040075565,0.040075565,pass,historical_1889,0.500000000
GANN_JHORA_KAALA_FORMULA_PROFILE_RECONCILIATION_V1,gann_reference_tokyo,JUPITER,ayana,ayana_tropical_projection,0.220000000,0.003533848,0.216466152,0.216466152,pass,historical_1889,0.500000000
GANN_JHORA_KAALA_FORMULA_PROFILE_RECONCILIATION_V1,gann_reference_tokyo,MARS,ayana,ayana_tropical_projection,28.490000000,27.384044364,1.105955636,1.105955636,fail,historical_1889,0.500000000
GANN_JHORA_KAALA_FORMULA_PROFILE_RECONCILIATION_V1,gann_reference_tokyo,MERCURY,ayana,ayana_tropical_projection,43.150000000,44.223420436,-1.073420436,1.073420436,fail,historical_1889,0.500000000
GANN_JHORA_KAALA_FORMULA_PROFILE_RECONCILIATION_V1,gann_reference_tokyo,MOON,ayana,ayana_tropical_projection,0.430000000,0.313347854,0.116652146,0.116652146,pass,historical_1889,0.500000000
GANN_JHORA_KAALA_FORMULA_PROFILE_RECONCILIATION_V1,gann_reference_tokyo,SATURN,ayana,ayana_tropical_projection,10.640000000,9.659422249,0.980577751,0.980577751,fail,historical_1889,0.500000000
GANN_JHORA_KAALA_FORMULA_PROFILE_RECONCILIATION_V1,gann_reference_tokyo,SUN,ayana,ayana_tropical_projection,25.950000000,23.822263566,2.127736434,2.127736434,fail,historical_1889,0.500000000
GANN_JHORA_KAALA_FORMULA_PROFILE_RECONCILIATION_V1,gann_reference_tokyo,VENUS,ayana,ayana_tropical_projection,35.370000000,34.332299922,1.037700078,1.037700078,fail,historical_1889,0.500000000
GANN_JHORA_KAALA_FORMULA_PROFILE_RECONCILIATION_V1,gann_reference_tokyo,JUPITER,hora,hora_astronomical_sunrise,0.000000000,0.000000000,0.000000000,0.000000000,pass,historical_1889,0.500000000
GANN_JHORA_KAALA_FORMULA_PROFILE_RECONCILIATION_V1,gann_reference_tokyo,MARS,hora,hora_astronomical_sunrise,0.000000000,0.000000000,0.000000000,0.000000000,pass,historical_1889,0.500000000
GANN_JHORA_KAALA_FORMULA_PROFILE_RECONCILIATION_V1,gann_reference_tokyo,MERCURY,hora,hora_astronomical_sunrise,0.000000000,0.000000000,0.000000000,0.000000000,pass,historical_1889,0.500000000
GANN_JHORA_KAALA_FORMULA_PROFILE_RECONCILIATION_V1,gann_reference_tokyo,MOON,hora,hora_astronomical_sunrise,60.000000000,60.000000000,0.000000000,0.000000000,pass,historical_1889,0.500000000
GANN_JHORA_KAALA_FORMULA_PROFILE_RECONCILIATION_V1,gann_reference_tokyo,SATURN,hora,hora_astronomical_sunrise,0.000000000,0.000000000,0.000000000,0.000000000,pass,historical_1889,0.500000000
GANN_JHORA_KAALA_FORMULA_PROFILE_RECONCILIATION_V1,gann_reference_tokyo,SUN,hora,hora_astronomical_sunrise,0.000000000,0.000000000,0.000000000,0.000000000,pass,historical_1889,0.500000000
GANN_JHORA_KAALA_FORMULA_PROFILE_RECONCILIATION_V1,gann_reference_tokyo,VENUS,hora,hora_astronomical_sunrise,0.000000000,0.000000000,0.000000000,0.000000000,pass,historical_1889,0.500000000
GANN_JHORA_KAALA_FORMULA_PROFILE_RECONCILIATION_V1,gann_reference_tokyo,JUPITER,hora,hora_variable_day_night,0.000000000,0.000000000,0.000000000,0.000000000,pass,historical_1889,0.500000000
GANN_JHORA_KAALA_FORMULA_PROFILE_RECONCILIATION_V1,gann_reference_tokyo,MARS,hora,hora_variable_day_night,0.000000000,60.000000000,-60.000000000,60.000000000,fail,historical_1889,0.500000000
GANN_JHORA_KAALA_FORMULA_PROFILE_RECONCILIATION_V1,gann_reference_tokyo,MERCURY,hora,hora_variable_day_night,0.000000000,0.000000000,0.000000000,0.000000000,pass,historical_1889,0.500000000
GANN_JHORA_KAALA_FORMULA_PROFILE_RECONCILIATION_V1,gann_reference_tokyo,MOON,hora,hora_variable_day_night,60.000000000,0.000000000,60.000000000,60.000000000,fail,historical_1889,0.500000000
GANN_JHORA_KAALA_FORMULA_PROFILE_RECONCILIATION_V1,gann_reference_tokyo,SATURN,hora,hora_variable_day_night,0.000000000,0.000000000,0.000000000,0.000000000,pass,historical_1889,0.500000000
GANN_JHORA_KAALA_FORMULA_PROFILE_RECONCILIATION_V1,gann_reference_tokyo,SUN,hora,hora_variable_day_night,0.000000000,0.000000000,0.000000000,0.000000000,pass,historical_1889,0.500000000
GANN_JHORA_KAALA_FORMULA_PROFILE_RECONCILIATION_V1,gann_reference_tokyo,VENUS,hora,hora_variable_day_night,0.000000000,0.000000000,0.000000000,0.000000000,pass,historical_1889,0.500000000
GANN_JHORA_KAALA_FORMULA_PROFILE_RECONCILIATION_V1,gann_reference_tokyo,JUPITER,nathonnatha,nathonnatha_apparent_solar,2.150000000,0.343199568,1.806800432,1.806800432,fail,historical_1889,0.500000000
GANN_JHORA_KAALA_FORMULA_PROFILE_RECONCILIATION_V1,gann_reference_tokyo,MARS,nathonnatha,nathonnatha_apparent_solar,57.850000000,59.656800432,-1.806800432,1.806800432,fail,historical_1889,0.500000000
GANN_JHORA_KAALA_FORMULA_PROFILE_RECONCILIATION_V1,gann_reference_tokyo,MERCURY,nathonnatha,nathonnatha_apparent_solar,60.000000000,60.000000000,0.000000000,0.000000000,pass,historical_1889,0.500000000
GANN_JHORA_KAALA_FORMULA_PROFILE_RECONCILIATION_V1,gann_reference_tokyo,MOON,nathonnatha,nathonnatha_apparent_solar,57.850000000,59.656800432,-1.806800432,1.806800432,fail,historical_1889,0.500000000
GANN_JHORA_KAALA_FORMULA_PROFILE_RECONCILIATION_V1,gann_reference_tokyo,SATURN,nathonnatha,nathonnatha_apparent_solar,57.850000000,59.656800432,-1.806800432,1.806800432,fail,historical_1889,0.500000000
GANN_JHORA_KAALA_FORMULA_PROFILE_RECONCILIATION_V1,gann_reference_tokyo,SUN,nathonnatha,nathonnatha_apparent_solar,2.150000000,0.343199568,1.806800432,1.806800432,fail,historical_1889,0.500000000
GANN_JHORA_KAALA_FORMULA_PROFILE_RECONCILIATION_V1,gann_reference_tokyo,VENUS,nathonnatha,nathonnatha_apparent_solar,2.150000000,0.343199568,1.806800432,1.806800432,fail,historical_1889,0.500000000
GANN_JHORA_KAALA_FORMULA_PROFILE_RECONCILIATION_V1,gann_reference_tokyo,JUPITER,nathonnatha,nathonnatha_lmt_source,2.150000000,1.550100000,0.599900000,0.599900000,fail,historical_1889,0.500000000
GANN_JHORA_KAALA_FORMULA_PROFILE_RECONCILIATION_V1,gann_reference_tokyo,MARS,nathonnatha,nathonnatha_lmt_source,57.850000000,58.449900000,-0.599900000,0.599900000,fail,historical_1889,0.500000000
GANN_JHORA_KAALA_FORMULA_PROFILE_RECONCILIATION_V1,gann_reference_tokyo,MERCURY,nathonnatha,nathonnatha_lmt_source,60.000000000,60.000000000,0.000000000,0.000000000,pass,historical_1889,0.500000000
GANN_JHORA_KAALA_FORMULA_PROFILE_RECONCILIATION_V1,gann_reference_tokyo,MOON,nathonnatha,nathonnatha_lmt_source,57.850000000,58.449900000,-0.599900000,0.599900000,fail,historical_1889,0.500000000
GANN_JHORA_KAALA_FORMULA_PROFILE_RECONCILIATION_V1,gann_reference_tokyo,SATURN,nathonnatha,nathonnatha_lmt_source,57.850000000,58.449900000,-0.599900000,0.599900000,fail,historical_1889,0.500000000
GANN_JHORA_KAALA_FORMULA_PROFILE_RECONCILIATION_V1,gann_reference_tokyo,SUN,nathonnatha,nathonnatha_lmt_source,2.150000000,1.550100000,0.599900000,0.599900000,fail,historical_1889,0.500000000
GANN_JHORA_KAALA_FORMULA_PROFILE_RECONCILIATION_V1,gann_reference_tokyo,VENUS,nathonnatha,nathonnatha_lmt_source,2.150000000,1.550100000,0.599900000,0.599900000,fail,historical_1889,0.500000000
