sample_id,local_time,utc_time,jd_ut,ayanamsa,ayanamsa_deg,planet,tropical_lon_deg,sidereal_lon_deg,speed_deg_day,baseline_status
case_8_event_start,2025-03-07T19:30:00+05:30,2025-03-07T14:00:00+00:00,2460742.083333333,Raman,22.762550303,SUN,347.247628558,324.485078254,1.000523253,self_consistency_generated_pending_external_reference
case_8_event_start,2025-03-07T19:30:00+05:30,2025-03-07T14:00:00+00:00,2460742.083333333,Raman,22.762550303,MOON,88.600836182,65.838285879,13.55723398,self_consistency_generated_pending_external_reference
case_8_event_start,2025-03-07T19:30:00+05:30,2025-03-07T14:00:00+00:00,2460742.083333333,Raman,22.762550303,MARS,107.79622761,85.033677307,0.131792038,self_consistency_generated_pending_external_reference
case_8_event_start,2025-03-07T19:30:00+05:30,2025-03-07T14:00:00+00:00,2460742.083333333,Raman,22.762550303,MERCURY,5.389797985,342.627247682,1.058736386,self_consistency_generated_pending_external_reference
case_8_event_start,2025-03-07T19:30:00+05:30,2025-03-07T14:00:00+00:00,2460742.083333333,Raman,22.762550303,JUPITER,72.856816824,50.094266521,0.097776498,self_consistency_generated_pending_external_reference
case_8_event_start,2025-03-07T19:30:00+05:30,2025-03-07T14:00:00+00:00,2460742.083333333,Raman,22.762550303,VENUS,10.193534219,347.430983915,-0.232007795,self_consistency_generated_pending_external_reference
case_8_event_start,2025-03-07T19:30:00+05:30,2025-03-07T14:00:00+00:00,2460742.083333333,Raman,22.762550303,SATURN,351.497643336,328.735093033,0.12329663,self_consistency_generated_pending_external_reference
case_8_event_start,2025-03-07T19:30:00+05:30,2025-03-07T14:00:00+00:00,2460742.083333333,Raman,22.762550303,RAHU_TRUE_NODE,357.465664498,334.703114194,-0.00773513,self_consistency_generated_pending_external_reference
case_8_event_start,2025-03-07T19:30:00+05:30,2025-03-07T14:00:00+00:00,2460742.083333333,Raman,22.762550303,KETU_DERIVED,nan,154.703114194,nan,derived_from_true_node_plus_180_pending_external_reference
case_43_event_start,2025-04-04T02:30:00+05:30,2025-04-03T21:00:00+00:00,2460769.375,Raman,22.763594181,SUN,14.350889707,351.587295526,0.985618979,self_consistency_generated_pending_external_reference
case_43_event_start,2025-04-04T02:30:00+05:30,2025-04-03T21:00:00+00:00,2460769.375,Raman,22.763594181,MOON,88.940373897,66.176779716,13.886241861,self_consistency_generated_pending_external_reference
case_43_event_start,2025-04-04T02:30:00+05:30,2025-04-03T21:00:00+00:00,2460769.375,Raman,22.763594181,MARS,114.565222459,91.801628278,0.343855883,self_consistency_generated_pending_external_reference
case_43_event_start,2025-04-04T02:30:00+05:30,2025-04-03T21:00:00+00:00,2460769.375,Raman,22.763594181,MERCURY,357.419576637,334.655982456,-0.331956304,self_consistency_generated_pending_external_reference
case_43_event_start,2025-04-04T02:30:00+05:30,2025-04-03T21:00:00+00:00,2460769.375,Raman,22.763594181,JUPITER,76.431386365,53.667792184,0.160450792,self_consistency_generated_pending_external_reference
case_43_event_start,2025-04-04T02:30:00+05:30,2025-04-03T21:00:00+00:00,2460769.375,Raman,22.763594181,VENUS,356.32512951,333.561535329,-0.367471877,self_consistency_generated_pending_external_reference
case_43_event_start,2025-04-04T02:30:00+05:30,2025-04-03T21:00:00+00:00,2460769.375,Raman,22.763594181,SATURN,354.833113852,332.069519671,0.118924822,self_consistency_generated_pending_external_reference
case_43_event_start,2025-04-04T02:30:00+05:30,2025-04-03T21:00:00+00:00,2460769.375,Raman,22.763594181,RAHU_TRUE_NODE,357.298492895,334.534898714,-0.019614677,self_consistency_generated_pending_external_reference
case_43_event_start,2025-04-04T02:30:00+05:30,2025-04-03T21:00:00+00:00,2460769.375,Raman,22.763594181,KETU_DERIVED,nan,154.534898714,nan,derived_from_true_node_plus_180_pending_external_reference
case_103_event_start,2025-05-15T22:30:00+05:30,2025-05-15T17:00:00+00:00,2460811.208333333,Raman,22.765194263,SUN,55.107460655,32.342266392,0.964040474,self_consistency_generated_pending_external_reference
case_103_event_start,2025-05-15T22:30:00+05:30,2025-05-15T17:00:00+00:00,2460811.208333333,Raman,22.765194263,MOON,268.484259138,245.719064875,12.275385885,self_consistency_generated_pending_external_reference
case_103_event_start,2025-05-15T22:30:00+05:30,2025-05-15T17:00:00+00:00,2460811.208333333,Raman,22.765194263,MARS,132.646558805,109.881364542,0.498460936,self_consistency_generated_pending_external_reference
case_103_event_start,2025-05-15T22:30:00+05:30,2025-05-15T17:00:00+00:00,2460811.208333333,Raman,22.765194263,MERCURY,39.187227644,16.422033381,1.853593255,self_consistency_generated_pending_external_reference
case_103_event_start,2025-05-15T22:30:00+05:30,2025-05-15T17:00:00+00:00,2460811.208333333,Raman,22.765194263,JUPITER,84.424330123,61.65913586,0.214101983,self_consistency_generated_pending_external_reference
case_103_event_start,2025-05-15T22:30:00+05:30,2025-05-15T17:00:00+00:00,2460811.208333333,Raman,22.765194263,VENUS,10.393852574,347.628658312,0.808477129,self_consistency_generated_pending_external_reference
case_103_event_start,2025-05-15T22:30:00+05:30,2025-05-15T17:00:00+00:00,2460811.208333333,Raman,22.765194263,SATURN,359.234325474,336.469131211,0.086617076,self_consistency_generated_pending_external_reference
case_103_event_start,2025-05-15T22:30:00+05:30,2025-05-15T17:00:00+00:00,2460811.208333333,Raman,22.765194263,RAHU_TRUE_NODE,355.434822304,332.669628041,-0.163128123,self_consistency_generated_pending_external_reference
case_103_event_start,2025-05-15T22:30:00+05:30,2025-05-15T17:00:00+00:00,2460811.208333333,Raman,22.765194263,KETU_DERIVED,nan,152.669628041,nan,derived_from_true_node_plus_180_pending_external_reference
case_127_sr_touch_start,2025-05-28T22:00:00+05:30,2025-05-28T16:30:00+00:00,2460824.1875,Raman,22.765690703,SUN,67.593225467,44.827534764,0.960021689,self_consistency_generated_pending_external_reference
case_127_sr_touch_start,2025-05-28T22:00:00+05:30,2025-05-28T16:30:00+00:00,2460824.1875,Raman,22.765690703,MOON,89.361524129,66.595833426,14.669883446,self_consistency_generated_pending_external_reference
case_127_sr_touch_start,2025-05-28T22:00:00+05:30,2025-05-28T16:30:00+00:00,2460824.1875,Raman,22.765690703,MARS,139.303354007,116.537663304,0.526611474,self_consistency_generated_pending_external_reference
case_127_sr_touch_start,2025-05-28T22:00:00+05:30,2025-05-28T16:30:00+00:00,2460824.1875,Raman,22.765690703,MERCURY,65.752895634,42.987204931,2.191072562,self_consistency_generated_pending_external_reference
case_127_sr_touch_start,2025-05-28T22:00:00+05:30,2025-05-28T16:30:00+00:00,2460824.1875,Raman,22.765690703,JUPITER,87.26038308,64.494692378,0.222384692,self_consistency_generated_pending_external_reference
case_127_sr_touch_start,2025-05-28T22:00:00+05:30,2025-05-28T16:30:00+00:00,2460824.1875,Raman,22.765690703,VENUS,21.786715557,359.021024854,0.936187798,self_consistency_generated_pending_external_reference
case_127_sr_touch_start,2025-05-28T22:00:00+05:30,2025-05-28T16:30:00+00:00,2460824.1875,Raman,22.765690703,SATURN,0.258714804,337.493024101,0.070828183,self_consistency_generated_pending_external_reference
case_127_sr_touch_start,2025-05-28T22:00:00+05:30,2025-05-28T16:30:00+00:00,2460824.1875,Raman,22.765690703,RAHU_TRUE_NODE,354.38831657,331.622625868,-0.16760729,self_consistency_generated_pending_external_reference
case_127_sr_touch_start,2025-05-28T22:00:00+05:30,2025-05-28T16:30:00+00:00,2460824.1875,Raman,22.765690703,KETU_DERIVED,nan,151.622625868,nan,derived_from_true_node_plus_180_pending_external_reference
gann_reference_tokyo,1889-02-11T00:00:00+09:00,1889-02-10T15:00:00+00:00,2411044.125,Raman,20.862224307,SUN,322.131180136,301.26895583,1.010964501,self_consistency_generated_pending_external_reference
gann_reference_tokyo,1889-02-11T00:00:00+09:00,1889-02-10T15:00:00+00:00,2411044.125,Raman,20.862224307,MOON,81.945867284,61.083642978,11.861393629,self_consistency_generated_pending_external_reference
gann_reference_tokyo,1889-02-11T00:00:00+09:00,1889-02-10T15:00:00+00:00,2411044.125,Raman,20.862224307,MARS,354.855819027,333.99359472,0.769351869,self_consistency_generated_pending_external_reference
gann_reference_tokyo,1889-02-11T00:00:00+09:00,1889-02-10T15:00:00+00:00,2411044.125,Raman,20.862224307,MERCURY,331.016372977,310.15414867,-0.767204059,self_consistency_generated_pending_external_reference
gann_reference_tokyo,1889-02-11T00:00:00+09:00,1889-02-10T15:00:00+00:00,2411044.125,Raman,20.862224307,JUPITER,270.854230685,249.992006378,0.180997559,self_consistency_generated_pending_external_reference
gann_reference_tokyo,1889-02-11T00:00:00+09:00,1889-02-10T15:00:00+00:00,2411044.125,Raman,20.862224307,VENUS,8.536251414,347.674027108,1.056156971,self_consistency_generated_pending_external_reference
gann_reference_tokyo,1889-02-11T00:00:00+09:00,1889-02-10T15:00:00+00:00,2411044.125,Raman,20.862224307,SATURN,136.495627033,115.633402726,-0.080979048,self_consistency_generated_pending_external_reference
gann_reference_tokyo,1889-02-11T00:00:00+09:00,1889-02-10T15:00:00+00:00,2411044.125,Raman,20.862224307,RAHU_TRUE_NODE,110.932266164,90.070041857,0.028834281,self_consistency_generated_pending_external_reference
gann_reference_tokyo,1889-02-11T00:00:00+09:00,1889-02-10T15:00:00+00:00,2411044.125,Raman,20.862224307,KETU_DERIVED,nan,270.070041857,nan,derived_from_true_node_plus_180_pending_external_reference
