sample_id,planet,component,local_value_virupa,external_value_virupa,signed_delta_virupa,absolute_delta_virupa,tolerance_virupa,pass_fail,external_source
case_103_event_start,JUPITER,chesta,30.000000000,10.820000000,19.180000000,19.180000000,0.500000000,fail,PyJHora 4.8.7 Tier B isolated export; Raman ayanamsa; wheel sha256 D8D8014573A38DDEFEDCAE57D3B8D84687CAC2AD31BB5B1DD70D945906A4D54D; event civil timezone; Tokyo reference coordinates
case_103_event_start,JUPITER,dig,30.975106813,30.970000000,0.005106813,0.005106813,0.500000000,pass,PyJHora 4.8.7 Tier B isolated export; Raman ayanamsa; wheel sha256 D8D8014573A38DDEFEDCAE57D3B8D84687CAC2AD31BB5B1DD70D945906A4D54D; event civil timezone; Tokyo reference coordinates
case_103_event_start,JUPITER,drik,-25.110000000,-25.110000000,0.000000000,0.000000000,0.500000000,pass,PyJHora 4.8.7 Tier B isolated export; Raman ayanamsa; wheel sha256 D8D8014573A38DDEFEDCAE57D3B8D84687CAC2AD31BB5B1DD70D945906A4D54D; event civil timezone; Tokyo reference coordinates
case_103_event_start,JUPITER,kaala,179.315265710,262.820000000,-83.504734290,83.504734290,0.500000000,fail,PyJHora 4.8.7 Tier B isolated export; Raman ayanamsa; wheel sha256 D8D8014573A38DDEFEDCAE57D3B8D84687CAC2AD31BB5B1DD70D945906A4D54D; event civil timezone; Tokyo reference coordinates
case_103_event_start,JUPITER,naisargika,34.290000000,34.290000000,0.000000000,0.000000000,0.500000000,pass,PyJHora 4.8.7 Tier B isolated export; Raman ayanamsa; wheel sha256 D8D8014573A38DDEFEDCAE57D3B8D84687CAC2AD31BB5B1DD70D945906A4D54D; event civil timezone; Tokyo reference coordinates
case_103_event_start,JUPITER,sthana,243.886378620,236.390000000,7.496378620,7.496378620,0.500000000,fail,PyJHora 4.8.7 Tier B isolated export; Raman ayanamsa; wheel sha256 D8D8014573A38DDEFEDCAE57D3B8D84687CAC2AD31BB5B1DD70D945906A4D54D; event civil timezone; Tokyo reference coordinates
case_103_event_start,MARS,chesta,7.500000000,32.950000000,-25.450000000,25.450000000,0.500000000,fail,PyJHora 4.8.7 Tier B isolated export; Raman ayanamsa; wheel sha256 D8D8014573A38DDEFEDCAE57D3B8D84687CAC2AD31BB5B1DD70D945906A4D54D; event civil timezone; Tokyo reference coordinates
case_103_event_start,MARS,dig,14.727885234,14.730000000,-0.002114766,0.002114766,0.500000000,pass,PyJHora 4.8.7 Tier B isolated export; Raman ayanamsa; wheel sha256 D8D8014573A38DDEFEDCAE57D3B8D84687CAC2AD31BB5B1DD70D945906A4D54D; event civil timezone; Tokyo reference coordinates
case_103_event_start,MARS,drik,-1.730000000,-1.730000000,0.000000000,0.000000000,0.500000000,pass,PyJHora 4.8.7 Tier B isolated export; Raman ayanamsa; wheel sha256 D8D8014573A38DDEFEDCAE57D3B8D84687CAC2AD31BB5B1DD70D945906A4D54D; event civil timezone; Tokyo reference coordinates
case_103_event_start,MARS,kaala,172.906265632,103.750000000,69.156265632,69.156265632,0.500000000,fail,PyJHora 4.8.7 Tier B isolated export; Raman ayanamsa; wheel sha256 D8D8014573A38DDEFEDCAE57D3B8D84687CAC2AD31BB5B1DD70D945906A4D54D; event civil timezone; Tokyo reference coordinates
case_103_event_start,MARS,naisargika,17.140000000,17.140000000,0.000000000,0.000000000,0.500000000,pass,PyJHora 4.8.7 Tier B isolated export; Raman ayanamsa; wheel sha256 D8D8014573A38DDEFEDCAE57D3B8D84687CAC2AD31BB5B1DD70D945906A4D54D; event civil timezone; Tokyo reference coordinates
case_103_event_start,MARS,sthana,145.706211819,160.200000000,-14.493788181,14.493788181,0.500000000,fail,PyJHora 4.8.7 Tier B isolated export; Raman ayanamsa; wheel sha256 D8D8014573A38DDEFEDCAE57D3B8D84687CAC2AD31BB5B1DD70D945906A4D54D; event civil timezone; Tokyo reference coordinates
case_103_event_start,MERCURY,chesta,7.500000000,7.260000000,0.240000000,0.240000000,0.500000000,pass,PyJHora 4.8.7 Tier B isolated export; Raman ayanamsa; wheel sha256 D8D8014573A38DDEFEDCAE57D3B8D84687CAC2AD31BB5B1DD70D945906A4D54D; event civil timezone; Tokyo reference coordinates
case_103_event_start,MERCURY,dig,46.054140973,46.050000000,0.004140973,0.004140973,0.500000000,pass,PyJHora 4.8.7 Tier B isolated export; Raman ayanamsa; wheel sha256 D8D8014573A38DDEFEDCAE57D3B8D84687CAC2AD31BB5B1DD70D945906A4D54D; event civil timezone; Tokyo reference coordinates
case_103_event_start,MERCURY,drik,-10.250000000,-10.250000000,0.000000000,0.000000000,0.500000000,pass,PyJHora 4.8.7 Tier B isolated export; Raman ayanamsa; wheel sha256 D8D8014573A38DDEFEDCAE57D3B8D84687CAC2AD31BB5B1DD70D945906A4D54D; event civil timezone; Tokyo reference coordinates
case_103_event_start,MERCURY,kaala,154.915193145,179.720000000,-24.804806855,24.804806855,0.500000000,fail,PyJHora 4.8.7 Tier B isolated export; Raman ayanamsa; wheel sha256 D8D8014573A38DDEFEDCAE57D3B8D84687CAC2AD31BB5B1DD70D945906A4D54D; event civil timezone; Tokyo reference coordinates
case_103_event_start,MERCURY,naisargika,25.710000000,25.710000000,0.000000000,0.000000000,0.500000000,pass,PyJHora 4.8.7 Tier B isolated export; Raman ayanamsa; wheel sha256 D8D8014573A38DDEFEDCAE57D3B8D84687CAC2AD31BB5B1DD70D945906A4D54D; event civil timezone; Tokyo reference coordinates
case_103_event_start,MERCURY,sthana,164.474011127,186.730000000,-22.255988873,22.255988873,0.500000000,fail,PyJHora 4.8.7 Tier B isolated export; Raman ayanamsa; wheel sha256 D8D8014573A38DDEFEDCAE57D3B8D84687CAC2AD31BB5B1DD70D945906A4D54D; event civil timezone; Tokyo reference coordinates
case_103_event_start,MOON,chesta,97.748801011,0.000000000,97.748801011,97.748801011,0.500000000,fail,PyJHora 4.8.7 Tier B isolated export; Raman ayanamsa; wheel sha256 D8D8014573A38DDEFEDCAE57D3B8D84687CAC2AD31BB5B1DD70D945906A4D54D; event civil timezone; Tokyo reference coordinates
case_103_event_start,MOON,dig,0.007118679,0.010000000,-0.002881321,0.002881321,0.500000000,pass,PyJHora 4.8.7 Tier B isolated export; Raman ayanamsa; wheel sha256 D8D8014573A38DDEFEDCAE57D3B8D84687CAC2AD31BB5B1DD70D945906A4D54D; event civil timezone; Tokyo reference coordinates
case_103_event_start,MOON,drik,10.360000000,10.360000000,0.000000000,0.000000000,0.500000000,pass,PyJHora 4.8.7 Tier B isolated export; Raman ayanamsa; wheel sha256 D8D8014573A38DDEFEDCAE57D3B8D84687CAC2AD31BB5B1DD70D945906A4D54D; event civil timezone; Tokyo reference coordinates
case_103_event_start,MOON,kaala,236.198701011,145.870000000,90.328701011,90.328701011,0.500000000,fail,PyJHora 4.8.7 Tier B isolated export; Raman ayanamsa; wheel sha256 D8D8014573A38DDEFEDCAE57D3B8D84687CAC2AD31BB5B1DD70D945906A4D54D; event civil timezone; Tokyo reference coordinates
case_103_event_start,MOON,naisargika,51.430000000,51.430000000,0.000000000,0.000000000,0.500000000,pass,PyJHora 4.8.7 Tier B isolated export; Raman ayanamsa; wheel sha256 D8D8014573A38DDEFEDCAE57D3B8D84687CAC2AD31BB5B1DD70D945906A4D54D; event civil timezone; Tokyo reference coordinates
case_103_event_start,MOON,sthana,208.906354958,160.910000000,47.996354958,47.996354958,0.500000000,fail,PyJHora 4.8.7 Tier B isolated export; Raman ayanamsa; wheel sha256 D8D8014573A38DDEFEDCAE57D3B8D84687CAC2AD31BB5B1DD70D945906A4D54D; event civil timezone; Tokyo reference coordinates
case_103_event_start,SATURN,chesta,30.000000000,101.980000000,-71.980000000,71.980000000,0.500000000,fail,PyJHora 4.8.7 Tier B isolated export; Raman ayanamsa; wheel sha256 D8D8014573A38DDEFEDCAE57D3B8D84687CAC2AD31BB5B1DD70D945906A4D54D; event civil timezone; Tokyo reference coordinates
case_103_event_start,SATURN,dig,0.628224971,0.630000000,-0.001775029,0.001775029,0.500000000,pass,PyJHora 4.8.7 Tier B isolated export; Raman ayanamsa; wheel sha256 D8D8014573A38DDEFEDCAE57D3B8D84687CAC2AD31BB5B1DD70D945906A4D54D; event civil timezone; Tokyo reference coordinates
case_103_event_start,SATURN,drik,-20.930000000,-20.930000000,0.000000000,0.000000000,0.500000000,pass,PyJHora 4.8.7 Tier B isolated export; Raman ayanamsa; wheel sha256 D8D8014573A38DDEFEDCAE57D3B8D84687CAC2AD31BB5B1DD70D945906A4D54D; event civil timezone; Tokyo reference coordinates
case_103_event_start,SATURN,kaala,92.303540358,53.990000000,38.313540358,38.313540358,0.500000000,fail,PyJHora 4.8.7 Tier B isolated export; Raman ayanamsa; wheel sha256 D8D8014573A38DDEFEDCAE57D3B8D84687CAC2AD31BB5B1DD70D945906A4D54D; event civil timezone; Tokyo reference coordinates
case_103_event_start,SATURN,naisargika,8.570000000,8.570000000,0.000000000,0.000000000,0.500000000,pass,PyJHora 4.8.7 Tier B isolated export; Raman ayanamsa; wheel sha256 D8D8014573A38DDEFEDCAE57D3B8D84687CAC2AD31BB5B1DD70D945906A4D54D; event civil timezone; Tokyo reference coordinates
case_103_event_start,SATURN,sthana,229.510289596,172.010000000,57.500289596,57.500289596,0.500000000,fail,PyJHora 4.8.7 Tier B isolated export; Raman ayanamsa; wheel sha256 D8D8014573A38DDEFEDCAE57D3B8D84687CAC2AD31BB5B1DD70D945906A4D54D; event civil timezone; Tokyo reference coordinates
case_103_event_start,SUN,chesta,107.603570527,0.000000000,107.603570527,107.603570527,0.500000000,fail,PyJHora 4.8.7 Tier B isolated export; Raman ayanamsa; wheel sha256 D8D8014573A38DDEFEDCAE57D3B8D84687CAC2AD31BB5B1DD70D945906A4D54D; event civil timezone; Tokyo reference coordinates
case_103_event_start,SUN,dig,11.118480816,11.120000000,-0.001519184,0.001519184,0.500000000,pass,PyJHora 4.8.7 Tier B isolated export; Raman ayanamsa; wheel sha256 D8D8014573A38DDEFEDCAE57D3B8D84687CAC2AD31BB5B1DD70D945906A4D54D; event civil timezone; Tokyo reference coordinates
case_103_event_start,SUN,drik,-4.430000000,-4.430000000,0.000000000,0.000000000,0.500000000,pass,PyJHora 4.8.7 Tier B isolated export; Raman ayanamsa; wheel sha256 D8D8014573A38DDEFEDCAE57D3B8D84687CAC2AD31BB5B1DD70D945906A4D54D; event civil timezone; Tokyo reference coordinates
case_103_event_start,SUN,kaala,205.279270022,124.470000000,80.809270022,80.809270022,0.500000000,fail,PyJHora 4.8.7 Tier B isolated export; Raman ayanamsa; wheel sha256 D8D8014573A38DDEFEDCAE57D3B8D84687CAC2AD31BB5B1DD70D945906A4D54D; event civil timezone; Tokyo reference coordinates
case_103_event_start,SUN,naisargika,60.000000000,60.000000000,0.000000000,0.000000000,0.500000000,pass,PyJHora 4.8.7 Tier B isolated export; Raman ayanamsa; wheel sha256 D8D8014573A38DDEFEDCAE57D3B8D84687CAC2AD31BB5B1DD70D945906A4D54D; event civil timezone; Tokyo reference coordinates
case_103_event_start,SUN,sthana,162.552577869,150.050000000,12.502577869,12.502577869,0.500000000,fail,PyJHora 4.8.7 Tier B isolated export; Raman ayanamsa; wheel sha256 D8D8014573A38DDEFEDCAE57D3B8D84687CAC2AD31BB5B1DD70D945906A4D54D; event civil timezone; Tokyo reference coordinates
case_103_event_start,VENUS,chesta,30.000000000,19.590000000,10.410000000,10.410000000,0.500000000,fail,PyJHora 4.8.7 Tier B isolated export; Raman ayanamsa; wheel sha256 D8D8014573A38DDEFEDCAE57D3B8D84687CAC2AD31BB5B1DD70D945906A4D54D; event civil timezone; Tokyo reference coordinates
case_103_event_start,VENUS,dig,33.976983157,33.980000000,-0.003016843,0.003016843,0.500000000,pass,PyJHora 4.8.7 Tier B isolated export; Raman ayanamsa; wheel sha256 D8D8014573A38DDEFEDCAE57D3B8D84687CAC2AD31BB5B1DD70D945906A4D54D; event civil timezone; Tokyo reference coordinates
case_103_event_start,VENUS,drik,-19.540000000,-19.540000000,0.000000000,0.000000000,0.500000000,pass,PyJHora 4.8.7 Tier B isolated export; Raman ayanamsa; wheel sha256 D8D8014573A38DDEFEDCAE57D3B8D84687CAC2AD31BB5B1DD70D945906A4D54D; event civil timezone; Tokyo reference coordinates
case_103_event_start,VENUS,kaala,139.562730452,181.140000000,-41.577269548,41.577269548,0.500000000,fail,PyJHora 4.8.7 Tier B isolated export; Raman ayanamsa; wheel sha256 D8D8014573A38DDEFEDCAE57D3B8D84687CAC2AD31BB5B1DD70D945906A4D54D; event civil timezone; Tokyo reference coordinates
case_103_event_start,VENUS,naisargika,42.860000000,42.860000000,0.000000000,0.000000000,0.500000000,pass,PyJHora 4.8.7 Tier B isolated export; Raman ayanamsa; wheel sha256 D8D8014573A38DDEFEDCAE57D3B8D84687CAC2AD31BB5B1DD70D945906A4D54D; event civil timezone; Tokyo reference coordinates
case_103_event_start,VENUS,sthana,356.876219437,229.380000000,127.496219437,127.496219437,0.500000000,fail,PyJHora 4.8.7 Tier B isolated export; Raman ayanamsa; wheel sha256 D8D8014573A38DDEFEDCAE57D3B8D84687CAC2AD31BB5B1DD70D945906A4D54D; event civil timezone; Tokyo reference coordinates
case_127_sr_touch_start,JUPITER,chesta,30.000000000,7.210000000,22.790000000,22.790000000,0.500000000,fail,PyJHora 4.8.7 Tier B isolated export; Raman ayanamsa; wheel sha256 D8D8014573A38DDEFEDCAE57D3B8D84687CAC2AD31BB5B1DD70D945906A4D54D; event civil timezone; Tokyo reference coordinates
case_127_sr_touch_start,JUPITER,dig,32.819451087,32.820000000,-0.000548913,0.000548913,0.500000000,pass,PyJHora 4.8.7 Tier B isolated export; Raman ayanamsa; wheel sha256 D8D8014573A38DDEFEDCAE57D3B8D84687CAC2AD31BB5B1DD70D945906A4D54D; event civil timezone; Tokyo reference coordinates
case_127_sr_touch_start,JUPITER,drik,-16.630000000,-16.630000000,0.000000000,0.000000000,0.500000000,pass,PyJHora 4.8.7 Tier B isolated export; Raman ayanamsa; wheel sha256 D8D8014573A38DDEFEDCAE57D3B8D84687CAC2AD31BB5B1DD70D945906A4D54D; event civil timezone; Tokyo reference coordinates
case_127_sr_touch_start,JUPITER,kaala,180.337926226,156.490000000,23.847926226,23.847926226,0.500000000,fail,PyJHora 4.8.7 Tier B isolated export; Raman ayanamsa; wheel sha256 D8D8014573A38DDEFEDCAE57D3B8D84687CAC2AD31BB5B1DD70D945906A4D54D; event civil timezone; Tokyo reference coordinates
case_127_sr_touch_start,JUPITER,naisargika,34.290000000,34.290000000,0.000000000,0.000000000,0.500000000,pass,PyJHora 4.8.7 Tier B isolated export; Raman ayanamsa; wheel sha256 D8D8014573A38DDEFEDCAE57D3B8D84687CAC2AD31BB5B1DD70D945906A4D54D; event civil timezone; Tokyo reference coordinates
case_127_sr_touch_start,JUPITER,sthana,339.831564126,237.330000000,102.501564126,102.501564126,0.500000000,fail,PyJHora 4.8.7 Tier B isolated export; Raman ayanamsa; wheel sha256 D8D8014573A38DDEFEDCAE57D3B8D84687CAC2AD31BB5B1DD70D945906A4D54D; event civil timezone; Tokyo reference coordinates
case_127_sr_touch_start,MARS,chesta,7.500000000,30.670000000,-23.170000000,23.170000000,0.500000000,fail,PyJHora 4.8.7 Tier B isolated export; Raman ayanamsa; wheel sha256 D8D8014573A38DDEFEDCAE57D3B8D84687CAC2AD31BB5B1DD70D945906A4D54D; event civil timezone; Tokyo reference coordinates
case_127_sr_touch_start,MARS,dig,15.327850922,15.330000000,-0.002149078,0.002149078,0.500000000,pass,PyJHora 4.8.7 Tier B isolated export; Raman ayanamsa; wheel sha256 D8D8014573A38DDEFEDCAE57D3B8D84687CAC2AD31BB5B1DD70D945906A4D54D; event civil timezone; Tokyo reference coordinates
case_127_sr_touch_start,MARS,drik,-3.500000000,-3.490000000,-0.010000000,0.010000000,0.500000000,pass,PyJHora 4.8.7 Tier B isolated export; Raman ayanamsa; wheel sha256 D8D8014573A38DDEFEDCAE57D3B8D84687CAC2AD31BB5B1DD70D945906A4D54D; event civil timezone; Tokyo reference coordinates
case_127_sr_touch_start,MARS,kaala,184.270845126,162.660000000,21.610845126,21.610845126,0.500000000,fail,PyJHora 4.8.7 Tier B isolated export; Raman ayanamsa; wheel sha256 D8D8014573A38DDEFEDCAE57D3B8D84687CAC2AD31BB5B1DD70D945906A4D54D; event civil timezone; Tokyo reference coordinates
case_127_sr_touch_start,MARS,naisargika,17.140000000,17.140000000,0.000000000,0.000000000,0.500000000,pass,PyJHora 4.8.7 Tier B isolated export; Raman ayanamsa; wheel sha256 D8D8014573A38DDEFEDCAE57D3B8D84687CAC2AD31BB5B1DD70D945906A4D54D; event civil timezone; Tokyo reference coordinates
case_127_sr_touch_start,MARS,sthana,123.487445565,172.990000000,-49.502554435,49.502554435,0.500000000,fail,PyJHora 4.8.7 Tier B isolated export; Raman ayanamsa; wheel sha256 D8D8014573A38DDEFEDCAE57D3B8D84687CAC2AD31BB5B1DD70D945906A4D54D; event civil timezone; Tokyo reference coordinates
case_127_sr_touch_start,MERCURY,chesta,45.000000000,3.890000000,41.110000000,41.110000000,0.500000000,fail,PyJHora 4.8.7 Tier B isolated export; Raman ayanamsa; wheel sha256 D8D8014573A38DDEFEDCAE57D3B8D84687CAC2AD31BB5B1DD70D945906A4D54D; event civil timezone; Tokyo reference coordinates
case_127_sr_touch_start,MERCURY,dig,39.988613570,39.980000000,0.008613570,0.008613570,0.500000000,pass,PyJHora 4.8.7 Tier B isolated export; Raman ayanamsa; wheel sha256 D8D8014573A38DDEFEDCAE57D3B8D84687CAC2AD31BB5B1DD70D945906A4D54D; event civil timezone; Tokyo reference coordinates
case_127_sr_touch_start,MERCURY,drik,-16.320000000,-16.320000000,0.000000000,0.000000000,0.500000000,pass,PyJHora 4.8.7 Tier B isolated export; Raman ayanamsa; wheel sha256 D8D8014573A38DDEFEDCAE57D3B8D84687CAC2AD31BB5B1DD70D945906A4D54D; event civil timezone; Tokyo reference coordinates
case_127_sr_touch_start,MERCURY,kaala,124.228024927,214.980000000,-90.751975073,90.751975073,0.500000000,fail,PyJHora 4.8.7 Tier B isolated export; Raman ayanamsa; wheel sha256 D8D8014573A38DDEFEDCAE57D3B8D84687CAC2AD31BB5B1DD70D945906A4D54D; event civil timezone; Tokyo reference coordinates
case_127_sr_touch_start,MERCURY,naisargika,25.710000000,25.710000000,0.000000000,0.000000000,0.500000000,pass,PyJHora 4.8.7 Tier B isolated export; Raman ayanamsa; wheel sha256 D8D8014573A38DDEFEDCAE57D3B8D84687CAC2AD31BB5B1DD70D945906A4D54D; event civil timezone; Tokyo reference coordinates
case_127_sr_touch_start,MERCURY,sthana,189.329068310,191.830000000,-2.500931690,2.500931690,0.500000000,fail,PyJHora 4.8.7 Tier B isolated export; Raman ayanamsa; wheel sha256 D8D8014573A38DDEFEDCAE57D3B8D84687CAC2AD31BB5B1DD70D945906A4D54D; event civil timezone; Tokyo reference coordinates
case_127_sr_touch_start,MOON,chesta,14.512199108,0.000000000,14.512199108,14.512199108,0.500000000,fail,PyJHora 4.8.7 Tier B isolated export; Raman ayanamsa; wheel sha256 D8D8014573A38DDEFEDCAE57D3B8D84687CAC2AD31BB5B1DD70D945906A4D54D; event civil timezone; Tokyo reference coordinates
case_127_sr_touch_start,MOON,dig,58.680574296,61.320000000,-2.639425704,2.639425704,0.500000000,fail,PyJHora 4.8.7 Tier B isolated export; Raman ayanamsa; wheel sha256 D8D8014573A38DDEFEDCAE57D3B8D84687CAC2AD31BB5B1DD70D945906A4D54D; event civil timezone; Tokyo reference coordinates
case_127_sr_touch_start,MOON,drik,-16.630000000,-16.630000000,0.000000000,0.000000000,0.500000000,pass,PyJHora 4.8.7 Tier B isolated export; Raman ayanamsa; wheel sha256 D8D8014573A38DDEFEDCAE57D3B8D84687CAC2AD31BB5B1DD70D945906A4D54D; event civil timezone; Tokyo reference coordinates
case_127_sr_touch_start,MOON,kaala,125.462099108,60.220000000,65.242099108,65.242099108,0.500000000,fail,PyJHora 4.8.7 Tier B isolated export; Raman ayanamsa; wheel sha256 D8D8014573A38DDEFEDCAE57D3B8D84687CAC2AD31BB5B1DD70D945906A4D54D; event civil timezone; Tokyo reference coordinates
case_127_sr_touch_start,MOON,naisargika,51.430000000,51.430000000,0.000000000,0.000000000,0.500000000,pass,PyJHora 4.8.7 Tier B isolated export; Raman ayanamsa; wheel sha256 D8D8014573A38DDEFEDCAE57D3B8D84687CAC2AD31BB5B1DD70D945906A4D54D; event civil timezone; Tokyo reference coordinates
case_127_sr_touch_start,MOON,sthana,248.801388858,273.800000000,-24.998611142,24.998611142,0.500000000,fail,PyJHora 4.8.7 Tier B isolated export; Raman ayanamsa; wheel sha256 D8D8014573A38DDEFEDCAE57D3B8D84687CAC2AD31BB5B1DD70D945906A4D54D; event civil timezone; Tokyo reference coordinates
case_127_sr_touch_start,SATURN,chesta,30.000000000,97.960000000,-67.960000000,67.960000000,0.500000000,fail,PyJHora 4.8.7 Tier B isolated export; Raman ayanamsa; wheel sha256 D8D8014573A38DDEFEDCAE57D3B8D84687CAC2AD31BB5B1DD70D945906A4D54D; event civil timezone; Tokyo reference coordinates
case_127_sr_touch_start,SATURN,dig,1.820007180,1.820000000,0.000007180,0.000007180,0.500000000,pass,PyJHora 4.8.7 Tier B isolated export; Raman ayanamsa; wheel sha256 D8D8014573A38DDEFEDCAE57D3B8D84687CAC2AD31BB5B1DD70D945906A4D54D; event civil timezone; Tokyo reference coordinates
case_127_sr_touch_start,SATURN,drik,-8.220000000,-8.230000000,0.010000000,0.010000000,0.500000000,pass,PyJHora 4.8.7 Tier B isolated export; Raman ayanamsa; wheel sha256 D8D8014573A38DDEFEDCAE57D3B8D84687CAC2AD31BB5B1DD70D945906A4D54D; event civil timezone; Tokyo reference coordinates
case_127_sr_touch_start,SATURN,kaala,150.966489408,113.590000000,37.376489408,37.376489408,0.500000000,fail,PyJHora 4.8.7 Tier B isolated export; Raman ayanamsa; wheel sha256 D8D8014573A38DDEFEDCAE57D3B8D84687CAC2AD31BB5B1DD70D945906A4D54D; event civil timezone; Tokyo reference coordinates
case_127_sr_touch_start,SATURN,naisargika,8.570000000,8.570000000,0.000000000,0.000000000,0.500000000,pass,PyJHora 4.8.7 Tier B isolated export; Raman ayanamsa; wheel sha256 D8D8014573A38DDEFEDCAE57D3B8D84687CAC2AD31BB5B1DD70D945906A4D54D; event civil timezone; Tokyo reference coordinates
case_127_sr_touch_start,SATURN,sthana,224.168991966,171.670000000,52.498991966,52.498991966,0.500000000,fail,PyJHora 4.8.7 Tier B isolated export; Raman ayanamsa; wheel sha256 D8D8014573A38DDEFEDCAE57D3B8D84687CAC2AD31BB5B1DD70D945906A4D54D; event civil timezone; Tokyo reference coordinates
case_127_sr_touch_start,SUN,chesta,113.939558200,0.000000000,113.939558200,113.939558200,0.500000000,fail,PyJHora 4.8.7 Tier B isolated export; Raman ayanamsa; wheel sha256 D8D8014573A38DDEFEDCAE57D3B8D84687CAC2AD31BB5B1DD70D945906A4D54D; event civil timezone; Tokyo reference coordinates
case_127_sr_touch_start,SUN,dig,8.575525258,8.570000000,0.005525258,0.005525258,0.500000000,pass,PyJHora 4.8.7 Tier B isolated export; Raman ayanamsa; wheel sha256 D8D8014573A38DDEFEDCAE57D3B8D84687CAC2AD31BB5B1DD70D945906A4D54D; event civil timezone; Tokyo reference coordinates
case_127_sr_touch_start,SUN,drik,-16.320000000,-16.320000000,0.000000000,0.000000000,0.500000000,pass,PyJHora 4.8.7 Tier B isolated export; Raman ayanamsa; wheel sha256 D8D8014573A38DDEFEDCAE57D3B8D84687CAC2AD31BB5B1DD70D945906A4D54D; event civil timezone; Tokyo reference coordinates
case_127_sr_touch_start,SUN,kaala,175.733558646,197.300000000,-21.566441354,21.566441354,0.500000000,fail,PyJHora 4.8.7 Tier B isolated export; Raman ayanamsa; wheel sha256 D8D8014573A38DDEFEDCAE57D3B8D84687CAC2AD31BB5B1DD70D945906A4D54D; event civil timezone; Tokyo reference coordinates
case_127_sr_touch_start,SUN,naisargika,60.000000000,60.000000000,0.000000000,0.000000000,0.500000000,pass,PyJHora 4.8.7 Tier B isolated export; Raman ayanamsa; wheel sha256 D8D8014573A38DDEFEDCAE57D3B8D84687CAC2AD31BB5B1DD70D945906A4D54D; event civil timezone; Tokyo reference coordinates
case_127_sr_touch_start,SUN,sthana,137.390821745,142.140000000,-4.749178255,4.749178255,0.500000000,fail,PyJHora 4.8.7 Tier B isolated export; Raman ayanamsa; wheel sha256 D8D8014573A38DDEFEDCAE57D3B8D84687CAC2AD31BB5B1DD70D945906A4D54D; event civil timezone; Tokyo reference coordinates
case_127_sr_touch_start,VENUS,chesta,30.000000000,22.490000000,7.510000000,7.510000000,0.500000000,fail,PyJHora 4.8.7 Tier B isolated export; Raman ayanamsa; wheel sha256 D8D8014573A38DDEFEDCAE57D3B8D84687CAC2AD31BB5B1DD70D945906A4D54D; event civil timezone; Tokyo reference coordinates
case_127_sr_touch_start,VENUS,dig,36.155638106,36.160000000,-0.004361894,0.004361894,0.500000000,pass,PyJHora 4.8.7 Tier B isolated export; Raman ayanamsa; wheel sha256 D8D8014573A38DDEFEDCAE57D3B8D84687CAC2AD31BB5B1DD70D945906A4D54D; event civil timezone; Tokyo reference coordinates
case_127_sr_touch_start,VENUS,drik,-5.560000000,-5.560000000,0.000000000,0.000000000,0.500000000,pass,PyJHora 4.8.7 Tier B isolated export; Raman ayanamsa; wheel sha256 D8D8014573A38DDEFEDCAE57D3B8D84687CAC2AD31BB5B1DD70D945906A4D54D; event civil timezone; Tokyo reference coordinates
case_127_sr_touch_start,VENUS,kaala,114.647299610,175.700000000,-61.052700390,61.052700390,0.500000000,fail,PyJHora 4.8.7 Tier B isolated export; Raman ayanamsa; wheel sha256 D8D8014573A38DDEFEDCAE57D3B8D84687CAC2AD31BB5B1DD70D945906A4D54D; event civil timezone; Tokyo reference coordinates
case_127_sr_touch_start,VENUS,naisargika,42.860000000,42.860000000,0.000000000,0.000000000,0.500000000,pass,PyJHora 4.8.7 Tier B isolated export; Raman ayanamsa; wheel sha256 D8D8014573A38DDEFEDCAE57D3B8D84687CAC2AD31BB5B1DD70D945906A4D54D; event civil timezone; Tokyo reference coordinates
case_127_sr_touch_start,VENUS,sthana,357.326325049,231.830000000,125.496325049,125.496325049,0.500000000,fail,PyJHora 4.8.7 Tier B isolated export; Raman ayanamsa; wheel sha256 D8D8014573A38DDEFEDCAE57D3B8D84687CAC2AD31BB5B1DD70D945906A4D54D; event civil timezone; Tokyo reference coordinates
case_43_event_start,JUPITER,chesta,30.000000000,97.340000000,-67.340000000,67.340000000,0.500000000,fail,PyJHora 4.8.7 Tier B isolated export; Raman ayanamsa; wheel sha256 D8D8014573A38DDEFEDCAE57D3B8D84687CAC2AD31BB5B1DD70D945906A4D54D; event civil timezone; Tokyo reference coordinates
case_43_event_start,JUPITER,dig,43.331566001,43.330000000,0.001566001,0.001566001,0.500000000,pass,PyJHora 4.8.7 Tier B isolated export; Raman ayanamsa; wheel sha256 D8D8014573A38DDEFEDCAE57D3B8D84687CAC2AD31BB5B1DD70D945906A4D54D; event civil timezone; Tokyo reference coordinates
case_43_event_start,JUPITER,drik,-24.390000000,-24.400000000,0.010000000,0.010000000,0.500000000,pass,PyJHora 4.8.7 Tier B isolated export; Raman ayanamsa; wheel sha256 D8D8014573A38DDEFEDCAE57D3B8D84687CAC2AD31BB5B1DD70D945906A4D54D; event civil timezone; Tokyo reference coordinates
case_43_event_start,JUPITER,kaala,174.474229220,207.940000000,-33.465770780,33.465770780,0.500000000,fail,PyJHora 4.8.7 Tier B isolated export; Raman ayanamsa; wheel sha256 D8D8014573A38DDEFEDCAE57D3B8D84687CAC2AD31BB5B1DD70D945906A4D54D; event civil timezone; Tokyo reference coordinates
case_43_event_start,JUPITER,naisargika,34.290000000,34.290000000,0.000000000,0.000000000,0.500000000,pass,PyJHora 4.8.7 Tier B isolated export; Raman ayanamsa; wheel sha256 D8D8014573A38DDEFEDCAE57D3B8D84687CAC2AD31BB5B1DD70D945906A4D54D; event civil timezone; Tokyo reference coordinates
case_43_event_start,JUPITER,sthana,176.222597395,211.220000000,-34.997402605,34.997402605,0.500000000,fail,PyJHora 4.8.7 Tier B isolated export; Raman ayanamsa; wheel sha256 D8D8014573A38DDEFEDCAE57D3B8D84687CAC2AD31BB5B1DD70D945906A4D54D; event civil timezone; Tokyo reference coordinates
case_43_event_start,MARS,chesta,30.000000000,80.670000000,-50.670000000,50.670000000,0.500000000,fail,PyJHora 4.8.7 Tier B isolated export; Raman ayanamsa; wheel sha256 D8D8014573A38DDEFEDCAE57D3B8D84687CAC2AD31BB5B1DD70D945906A4D54D; event civil timezone; Tokyo reference coordinates
case_43_event_start,MARS,dig,2.936933678,2.940000000,-0.003066322,0.003066322,0.500000000,pass,PyJHora 4.8.7 Tier B isolated export; Raman ayanamsa; wheel sha256 D8D8014573A38DDEFEDCAE57D3B8D84687CAC2AD31BB5B1DD70D945906A4D54D; event civil timezone; Tokyo reference coordinates
case_43_event_start,MARS,drik,-16.620000000,-16.620000000,0.000000000,0.000000000,0.500000000,pass,PyJHora 4.8.7 Tier B isolated export; Raman ayanamsa; wheel sha256 D8D8014573A38DDEFEDCAE57D3B8D84687CAC2AD31BB5B1DD70D945906A4D54D; event civil timezone; Tokyo reference coordinates
case_43_event_start,MARS,kaala,123.285942609,88.320000000,34.965942609,34.965942609,0.500000000,fail,PyJHora 4.8.7 Tier B isolated export; Raman ayanamsa; wheel sha256 D8D8014573A38DDEFEDCAE57D3B8D84687CAC2AD31BB5B1DD70D945906A4D54D; event civil timezone; Tokyo reference coordinates
case_43_event_start,MARS,naisargika,17.140000000,17.140000000,0.000000000,0.000000000,0.500000000,pass,PyJHora 4.8.7 Tier B isolated export; Raman ayanamsa; wheel sha256 D8D8014573A38DDEFEDCAE57D3B8D84687CAC2AD31BB5B1DD70D945906A4D54D; event civil timezone; Tokyo reference coordinates
case_43_event_start,MARS,sthana,147.732790574,203.730000000,-55.997209426,55.997209426,0.500000000,fail,PyJHora 4.8.7 Tier B isolated export; Raman ayanamsa; wheel sha256 D8D8014573A38DDEFEDCAE57D3B8D84687CAC2AD31BB5B1DD70D945906A4D54D; event civil timezone; Tokyo reference coordinates
case_43_event_start,MERCURY,chesta,60.000000000,50.490000000,9.510000000,9.510000000,0.500000000,fail,PyJHora 4.8.7 Tier B isolated export; Raman ayanamsa; wheel sha256 D8D8014573A38DDEFEDCAE57D3B8D84687CAC2AD31BB5B1DD70D945906A4D54D; event civil timezone; Tokyo reference coordinates
case_43_event_start,MERCURY,dig,50.331164090,50.330000000,0.001164090,0.001164090,0.500000000,pass,PyJHora 4.8.7 Tier B isolated export; Raman ayanamsa; wheel sha256 D8D8014573A38DDEFEDCAE57D3B8D84687CAC2AD31BB5B1DD70D945906A4D54D; event civil timezone; Tokyo reference coordinates
case_43_event_start,MERCURY,drik,-0.830000000,-0.830000000,0.000000000,0.000000000,0.500000000,pass,PyJHora 4.8.7 Tier B isolated export; Raman ayanamsa; wheel sha256 D8D8014573A38DDEFEDCAE57D3B8D84687CAC2AD31BB5B1DD70D945906A4D54D; event civil timezone; Tokyo reference coordinates
case_43_event_start,MERCURY,kaala,175.169941693,111.880000000,63.289941693,63.289941693,0.500000000,fail,PyJHora 4.8.7 Tier B isolated export; Raman ayanamsa; wheel sha256 D8D8014573A38DDEFEDCAE57D3B8D84687CAC2AD31BB5B1DD70D945906A4D54D; event civil timezone; Tokyo reference coordinates
case_43_event_start,MERCURY,naisargika,25.710000000,25.710000000,0.000000000,0.000000000,0.500000000,pass,PyJHora 4.8.7 Tier B isolated export; Raman ayanamsa; wheel sha256 D8D8014573A38DDEFEDCAE57D3B8D84687CAC2AD31BB5B1DD70D945906A4D54D; event civil timezone; Tokyo reference coordinates
case_43_event_start,MERCURY,sthana,77.448005848,97.200000000,-19.751994152,19.751994152,0.500000000,fail,PyJHora 4.8.7 Tier B isolated export; Raman ayanamsa; wheel sha256 D8D8014573A38DDEFEDCAE57D3B8D84687CAC2AD31BB5B1DD70D945906A4D54D; event civil timezone; Tokyo reference coordinates
case_43_event_start,MOON,chesta,49.726322793,0.000000000,49.726322793,49.726322793,0.500000000,fail,PyJHora 4.8.7 Tier B isolated export; Raman ayanamsa; wheel sha256 D8D8014573A38DDEFEDCAE57D3B8D84687CAC2AD31BB5B1DD70D945906A4D54D; event civil timezone; Tokyo reference coordinates
case_43_event_start,MOON,dig,54.395317491,65.600000000,-11.204682509,11.204682509,0.500000000,fail,PyJHora 4.8.7 Tier B isolated export; Raman ayanamsa; wheel sha256 D8D8014573A38DDEFEDCAE57D3B8D84687CAC2AD31BB5B1DD70D945906A4D54D; event civil timezone; Tokyo reference coordinates
case_43_event_start,MOON,drik,-18.270000000,-18.270000000,0.000000000,0.000000000,0.500000000,pass,PyJHora 4.8.7 Tier B isolated export; Raman ayanamsa; wheel sha256 D8D8014573A38DDEFEDCAE57D3B8D84687CAC2AD31BB5B1DD70D945906A4D54D; event civil timezone; Tokyo reference coordinates
case_43_event_start,MOON,kaala,78.176222793,331.600000000,-253.423777207,253.423777207,0.500000000,fail,PyJHora 4.8.7 Tier B isolated export; Raman ayanamsa; wheel sha256 D8D8014573A38DDEFEDCAE57D3B8D84687CAC2AD31BB5B1DD70D945906A4D54D; event civil timezone; Tokyo reference coordinates
case_43_event_start,MOON,naisargika,51.430000000,51.430000000,0.000000000,0.000000000,0.500000000,pass,PyJHora 4.8.7 Tier B isolated export; Raman ayanamsa; wheel sha256 D8D8014573A38DDEFEDCAE57D3B8D84687CAC2AD31BB5B1DD70D945906A4D54D; event civil timezone; Tokyo reference coordinates
case_43_event_start,MOON,sthana,203.941073428,228.940000000,-24.998926572,24.998926572,0.500000000,fail,PyJHora 4.8.7 Tier B isolated export; Raman ayanamsa; wheel sha256 D8D8014573A38DDEFEDCAE57D3B8D84687CAC2AD31BB5B1DD70D945906A4D54D; event civil timezone; Tokyo reference coordinates
case_43_event_start,SATURN,chesta,30.000000000,5.240000000,24.760000000,24.760000000,0.500000000,fail,PyJHora 4.8.7 Tier B isolated export; Raman ayanamsa; wheel sha256 D8D8014573A38DDEFEDCAE57D3B8D84687CAC2AD31BB5B1DD70D945906A4D54D; event civil timezone; Tokyo reference coordinates
case_43_event_start,SATURN,dig,10.530990172,109.470000000,-98.939009828,98.939009828,0.500000000,fail,PyJHora 4.8.7 Tier B isolated export; Raman ayanamsa; wheel sha256 D8D8014573A38DDEFEDCAE57D3B8D84687CAC2AD31BB5B1DD70D945906A4D54D; event civil timezone; Tokyo reference coordinates
case_43_event_start,SATURN,drik,-0.500000000,-0.500000000,0.000000000,0.000000000,0.500000000,pass,PyJHora 4.8.7 Tier B isolated export; Raman ayanamsa; wheel sha256 D8D8014573A38DDEFEDCAE57D3B8D84687CAC2AD31BB5B1DD70D945906A4D54D; event civil timezone; Tokyo reference coordinates
case_43_event_start,SATURN,kaala,98.379465083,63.780000000,34.599465083,34.599465083,0.500000000,fail,PyJHora 4.8.7 Tier B isolated export; Raman ayanamsa; wheel sha256 D8D8014573A38DDEFEDCAE57D3B8D84687CAC2AD31BB5B1DD70D945906A4D54D; event civil timezone; Tokyo reference coordinates
case_43_event_start,SATURN,naisargika,8.570000000,8.570000000,0.000000000,0.000000000,0.500000000,pass,PyJHora 4.8.7 Tier B isolated export; Raman ayanamsa; wheel sha256 D8D8014573A38DDEFEDCAE57D3B8D84687CAC2AD31BB5B1DD70D945906A4D54D; event civil timezone; Tokyo reference coordinates
case_43_event_start,SATURN,sthana,115.976826776,105.970000000,10.006826776,10.006826776,0.500000000,fail,PyJHora 4.8.7 Tier B isolated export; Raman ayanamsa; wheel sha256 D8D8014573A38DDEFEDCAE57D3B8D84687CAC2AD31BB5B1DD70D945906A4D54D; event civil timezone; Tokyo reference coordinates
case_43_event_start,SUN,chesta,74.145222065,0.000000000,74.145222065,74.145222065,0.500000000,fail,PyJHora 4.8.7 Tier B isolated export; Raman ayanamsa; wheel sha256 D8D8014573A38DDEFEDCAE57D3B8D84687CAC2AD31BB5B1DD70D945906A4D54D; event civil timezone; Tokyo reference coordinates
case_43_event_start,SUN,dig,30.467843906,89.530000000,-59.062156094,59.062156094,0.500000000,fail,PyJHora 4.8.7 Tier B isolated export; Raman ayanamsa; wheel sha256 D8D8014573A38DDEFEDCAE57D3B8D84687CAC2AD31BB5B1DD70D945906A4D54D; event civil timezone; Tokyo reference coordinates
case_43_event_start,SUN,drik,-2.940000000,-2.940000000,0.000000000,0.000000000,0.500000000,pass,PyJHora 4.8.7 Tier B isolated export; Raman ayanamsa; wheel sha256 D8D8014573A38DDEFEDCAE57D3B8D84687CAC2AD31BB5B1DD70D945906A4D54D; event civil timezone; Tokyo reference coordinates
case_43_event_start,SUN,kaala,185.832160669,4.090000000,181.742160669,181.742160669,0.500000000,fail,PyJHora 4.8.7 Tier B isolated export; Raman ayanamsa; wheel sha256 D8D8014573A38DDEFEDCAE57D3B8D84687CAC2AD31BB5B1DD70D945906A4D54D; event civil timezone; Tokyo reference coordinates
case_43_event_start,SUN,naisargika,60.000000000,60.000000000,0.000000000,0.000000000,0.500000000,pass,PyJHora 4.8.7 Tier B isolated export; Raman ayanamsa; wheel sha256 D8D8014573A38DDEFEDCAE57D3B8D84687CAC2AD31BB5B1DD70D945906A4D54D; event civil timezone; Tokyo reference coordinates
case_43_event_start,SUN,sthana,159.862431842,141.980000000,17.882431842,17.882431842,0.500000000,fail,PyJHora 4.8.7 Tier B isolated export; Raman ayanamsa; wheel sha256 D8D8014573A38DDEFEDCAE57D3B8D84687CAC2AD31BB5B1DD70D945906A4D54D; event civil timezone; Tokyo reference coordinates
case_43_event_start,VENUS,chesta,60.000000000,53.530000000,6.470000000,6.470000000,0.500000000,fail,PyJHora 4.8.7 Tier B isolated export; Raman ayanamsa; wheel sha256 D8D8014573A38DDEFEDCAE57D3B8D84687CAC2AD31BB5B1DD70D945906A4D54D; event civil timezone; Tokyo reference coordinates
case_43_event_start,VENUS,dig,23.523569362,23.520000000,0.003569362,0.003569362,0.500000000,pass,PyJHora 4.8.7 Tier B isolated export; Raman ayanamsa; wheel sha256 D8D8014573A38DDEFEDCAE57D3B8D84687CAC2AD31BB5B1DD70D945906A4D54D; event civil timezone; Tokyo reference coordinates
case_43_event_start,VENUS,drik,-0.690000000,-0.690000000,0.000000000,0.000000000,0.500000000,pass,PyJHora 4.8.7 Tier B isolated export; Raman ayanamsa; wheel sha256 D8D8014573A38DDEFEDCAE57D3B8D84687CAC2AD31BB5B1DD70D945906A4D54D; event civil timezone; Tokyo reference coordinates
case_43_event_start,VENUS,kaala,197.239690260,196.250000000,0.989690260,0.989690260,0.500000000,fail,PyJHora 4.8.7 Tier B isolated export; Raman ayanamsa; wheel sha256 D8D8014573A38DDEFEDCAE57D3B8D84687CAC2AD31BB5B1DD70D945906A4D54D; event civil timezone; Tokyo reference coordinates
case_43_event_start,VENUS,naisargika,42.860000000,42.860000000,0.000000000,0.000000000,0.500000000,pass,PyJHora 4.8.7 Tier B isolated export; Raman ayanamsa; wheel sha256 D8D8014573A38DDEFEDCAE57D3B8D84687CAC2AD31BB5B1DD70D945906A4D54D; event civil timezone; Tokyo reference coordinates
case_43_event_start,VENUS,sthana,248.187178443,162.810000000,85.377178443,85.377178443,0.500000000,fail,PyJHora 4.8.7 Tier B isolated export; Raman ayanamsa; wheel sha256 D8D8014573A38DDEFEDCAE57D3B8D84687CAC2AD31BB5B1DD70D945906A4D54D; event civil timezone; Tokyo reference coordinates
case_8_event_start,JUPITER,chesta,7.500000000,89.350000000,-81.850000000,81.850000000,0.500000000,fail,PyJHora 4.8.7 Tier B isolated export; Raman ayanamsa; wheel sha256 D8D8014573A38DDEFEDCAE57D3B8D84687CAC2AD31BB5B1DD70D945906A4D54D; event civil timezone; Tokyo reference coordinates
case_8_event_start,JUPITER,dig,6.436759745,6.440000000,-0.003240255,0.003240255,0.500000000,pass,PyJHora 4.8.7 Tier B isolated export; Raman ayanamsa; wheel sha256 D8D8014573A38DDEFEDCAE57D3B8D84687CAC2AD31BB5B1DD70D945906A4D54D; event civil timezone; Tokyo reference coordinates
case_8_event_start,JUPITER,drik,-20.460000000,-20.460000000,0.000000000,0.000000000,0.500000000,pass,PyJHora 4.8.7 Tier B isolated export; Raman ayanamsa; wheel sha256 D8D8014573A38DDEFEDCAE57D3B8D84687CAC2AD31BB5B1DD70D945906A4D54D; event civil timezone; Tokyo reference coordinates
case_8_event_start,JUPITER,kaala,154.692721060,245.470000000,-90.777278940,90.777278940,0.500000000,fail,PyJHora 4.8.7 Tier B isolated export; Raman ayanamsa; wheel sha256 D8D8014573A38DDEFEDCAE57D3B8D84687CAC2AD31BB5B1DD70D945906A4D54D; event civil timezone; Tokyo reference coordinates
case_8_event_start,JUPITER,naisargika,34.290000000,34.290000000,0.000000000,0.000000000,0.500000000,pass,PyJHora 4.8.7 Tier B isolated export; Raman ayanamsa; wheel sha256 D8D8014573A38DDEFEDCAE57D3B8D84687CAC2AD31BB5B1DD70D945906A4D54D; event civil timezone; Tokyo reference coordinates
case_8_event_start,JUPITER,sthana,225.031422174,232.530000000,-7.498577826,7.498577826,0.500000000,fail,PyJHora 4.8.7 Tier B isolated export; Raman ayanamsa; wheel sha256 D8D8014573A38DDEFEDCAE57D3B8D84687CAC2AD31BB5B1DD70D945906A4D54D; event civil timezone; Tokyo reference coordinates
case_8_event_start,MARS,chesta,15.000000000,74.610000000,-59.610000000,59.610000000,0.500000000,fail,PyJHora 4.8.7 Tier B isolated export; Raman ayanamsa; wheel sha256 D8D8014573A38DDEFEDCAE57D3B8D84687CAC2AD31BB5B1DD70D945906A4D54D; event civil timezone; Tokyo reference coordinates
case_8_event_start,MARS,dig,44.845182349,75.150000000,-30.304817651,30.304817651,0.500000000,fail,PyJHora 4.8.7 Tier B isolated export; Raman ayanamsa; wheel sha256 D8D8014573A38DDEFEDCAE57D3B8D84687CAC2AD31BB5B1DD70D945906A4D54D; event civil timezone; Tokyo reference coordinates
case_8_event_start,MARS,drik,5.290000000,5.290000000,0.000000000,0.000000000,0.500000000,pass,PyJHora 4.8.7 Tier B isolated export; Raman ayanamsa; wheel sha256 D8D8014573A38DDEFEDCAE57D3B8D84687CAC2AD31BB5B1DD70D945906A4D54D; event civil timezone; Tokyo reference coordinates
case_8_event_start,MARS,kaala,142.765697458,111.620000000,31.145697458,31.145697458,0.500000000,fail,PyJHora 4.8.7 Tier B isolated export; Raman ayanamsa; wheel sha256 D8D8014573A38DDEFEDCAE57D3B8D84687CAC2AD31BB5B1DD70D945906A4D54D; event civil timezone; Tokyo reference coordinates
case_8_event_start,MARS,naisargika,17.140000000,17.140000000,0.000000000,0.000000000,0.500000000,pass,PyJHora 4.8.7 Tier B isolated export; Raman ayanamsa; wheel sha256 D8D8014573A38DDEFEDCAE57D3B8D84687CAC2AD31BB5B1DD70D945906A4D54D; event civil timezone; Tokyo reference coordinates
case_8_event_start,MARS,sthana,174.988774231,164.740000000,10.248774231,10.248774231,0.500000000,fail,PyJHora 4.8.7 Tier B isolated export; Raman ayanamsa; wheel sha256 D8D8014573A38DDEFEDCAE57D3B8D84687CAC2AD31BB5B1DD70D945906A4D54D; event civil timezone; Tokyo reference coordinates
case_8_event_start,MERCURY,chesta,30.000000000,84.570000000,-54.570000000,54.570000000,0.500000000,fail,PyJHora 4.8.7 Tier B isolated export; Raman ayanamsa; wheel sha256 D8D8014573A38DDEFEDCAE57D3B8D84687CAC2AD31BB5B1DD70D945906A4D54D; event civil timezone; Tokyo reference coordinates
case_8_event_start,MERCURY,dig,16.052246535,103.950000000,-87.897753465,87.897753465,0.500000000,fail,PyJHora 4.8.7 Tier B isolated export; Raman ayanamsa; wheel sha256 D8D8014573A38DDEFEDCAE57D3B8D84687CAC2AD31BB5B1DD70D945906A4D54D; event civil timezone; Tokyo reference coordinates
case_8_event_start,MERCURY,drik,-1.470000000,-1.470000000,0.000000000,0.000000000,0.500000000,pass,PyJHora 4.8.7 Tier B isolated export; Raman ayanamsa; wheel sha256 D8D8014573A38DDEFEDCAE57D3B8D84687CAC2AD31BB5B1DD70D945906A4D54D; event civil timezone; Tokyo reference coordinates
case_8_event_start,MERCURY,kaala,128.441638630,208.950000000,-80.508361370,80.508361370,0.500000000,fail,PyJHora 4.8.7 Tier B isolated export; Raman ayanamsa; wheel sha256 D8D8014573A38DDEFEDCAE57D3B8D84687CAC2AD31BB5B1DD70D945906A4D54D; event civil timezone; Tokyo reference coordinates
case_8_event_start,MERCURY,naisargika,25.710000000,25.710000000,0.000000000,0.000000000,0.500000000,pass,PyJHora 4.8.7 Tier B isolated export; Raman ayanamsa; wheel sha256 D8D8014573A38DDEFEDCAE57D3B8D84687CAC2AD31BB5B1DD70D945906A4D54D; event civil timezone; Tokyo reference coordinates
case_8_event_start,MERCURY,sthana,110.790917439,150.790000000,-39.999082561,39.999082561,0.500000000,fail,PyJHora 4.8.7 Tier B isolated export; Raman ayanamsa; wheel sha256 D8D8014573A38DDEFEDCAE57D3B8D84687CAC2AD31BB5B1DD70D945906A4D54D; event civil timezone; Tokyo reference coordinates
case_8_event_start,MOON,chesta,67.568805083,0.000000000,67.568805083,67.568805083,0.500000000,fail,PyJHora 4.8.7 Tier B isolated export; Raman ayanamsa; wheel sha256 D8D8014573A38DDEFEDCAE57D3B8D84687CAC2AD31BB5B1DD70D945906A4D54D; event civil timezone; Tokyo reference coordinates
case_8_event_start,MOON,dig,21.553281460,21.550000000,0.003281460,0.003281460,0.500000000,pass,PyJHora 4.8.7 Tier B isolated export; Raman ayanamsa; wheel sha256 D8D8014573A38DDEFEDCAE57D3B8D84687CAC2AD31BB5B1DD70D945906A4D54D; event civil timezone; Tokyo reference coordinates
case_8_event_start,MOON,drik,-2.290000000,-2.290000000,0.000000000,0.000000000,0.500000000,pass,PyJHora 4.8.7 Tier B isolated export; Raman ayanamsa; wheel sha256 D8D8014573A38DDEFEDCAE57D3B8D84687CAC2AD31BB5B1DD70D945906A4D54D; event civil timezone; Tokyo reference coordinates
case_8_event_start,MOON,kaala,124.118905083,206.810000000,-82.691094917,82.691094917,0.500000000,fail,PyJHora 4.8.7 Tier B isolated export; Raman ayanamsa; wheel sha256 D8D8014573A38DDEFEDCAE57D3B8D84687CAC2AD31BB5B1DD70D945906A4D54D; event civil timezone; Tokyo reference coordinates
case_8_event_start,MOON,naisargika,51.430000000,51.430000000,0.000000000,0.000000000,0.500000000,pass,PyJHora 4.8.7 Tier B isolated export; Raman ayanamsa; wheel sha256 D8D8014573A38DDEFEDCAE57D3B8D84687CAC2AD31BB5B1DD70D945906A4D54D; event civil timezone; Tokyo reference coordinates
case_8_event_start,MOON,sthana,188.053904707,191.550000000,-3.496095293,3.496095293,0.500000000,fail,PyJHora 4.8.7 Tier B isolated export; Raman ayanamsa; wheel sha256 D8D8014573A38DDEFEDCAE57D3B8D84687CAC2AD31BB5B1DD70D945906A4D54D; event civil timezone; Tokyo reference coordinates
case_8_event_start,SATURN,chesta,30.000000000,3.020000000,26.980000000,26.980000000,0.500000000,fail,PyJHora 4.8.7 Tier B isolated export; Raman ayanamsa; wheel sha256 D8D8014573A38DDEFEDCAE57D3B8D84687CAC2AD31BB5B1DD70D945906A4D54D; event civil timezone; Tokyo reference coordinates
case_8_event_start,SATURN,dig,39.317035249,39.320000000,-0.002964751,0.002964751,0.500000000,pass,PyJHora 4.8.7 Tier B isolated export; Raman ayanamsa; wheel sha256 D8D8014573A38DDEFEDCAE57D3B8D84687CAC2AD31BB5B1DD70D945906A4D54D; event civil timezone; Tokyo reference coordinates
case_8_event_start,SATURN,drik,0.270000000,0.270000000,0.000000000,0.000000000,0.500000000,pass,PyJHora 4.8.7 Tier B isolated export; Raman ayanamsa; wheel sha256 D8D8014573A38DDEFEDCAE57D3B8D84687CAC2AD31BB5B1DD70D945906A4D54D; event civil timezone; Tokyo reference coordinates
case_8_event_start,SATURN,kaala,209.176949394,27.420000000,181.756949394,181.756949394,0.500000000,fail,PyJHora 4.8.7 Tier B isolated export; Raman ayanamsa; wheel sha256 D8D8014573A38DDEFEDCAE57D3B8D84687CAC2AD31BB5B1DD70D945906A4D54D; event civil timezone; Tokyo reference coordinates
case_8_event_start,SATURN,naisargika,8.570000000,8.570000000,0.000000000,0.000000000,0.500000000,pass,PyJHora 4.8.7 Tier B isolated export; Raman ayanamsa; wheel sha256 D8D8014573A38DDEFEDCAE57D3B8D84687CAC2AD31BB5B1DD70D945906A4D54D; event civil timezone; Tokyo reference coordinates
case_8_event_start,SATURN,sthana,341.088302322,253.340000000,87.748302322,87.748302322,0.500000000,fail,PyJHora 4.8.7 Tier B isolated export; Raman ayanamsa; wheel sha256 D8D8014573A38DDEFEDCAE57D3B8D84687CAC2AD31BB5B1DD70D945906A4D54D; event civil timezone; Tokyo reference coordinates
case_8_event_start,SUN,chesta,47.407321367,0.000000000,47.407321367,47.407321367,0.500000000,fail,PyJHora 4.8.7 Tier B isolated export; Raman ayanamsa; wheel sha256 D8D8014573A38DDEFEDCAE57D3B8D84687CAC2AD31BB5B1DD70D945906A4D54D; event civil timezone; Tokyo reference coordinates
case_8_event_start,SUN,dig,4.662315998,4.660000000,0.002315998,0.002315998,0.500000000,pass,PyJHora 4.8.7 Tier B isolated export; Raman ayanamsa; wheel sha256 D8D8014573A38DDEFEDCAE57D3B8D84687CAC2AD31BB5B1DD70D945906A4D54D; event civil timezone; Tokyo reference coordinates
case_8_event_start,SUN,drik,-2.950000000,-2.950000000,0.000000000,0.000000000,0.500000000,pass,PyJHora 4.8.7 Tier B isolated export; Raman ayanamsa; wheel sha256 D8D8014573A38DDEFEDCAE57D3B8D84687CAC2AD31BB5B1DD70D945906A4D54D; event civil timezone; Tokyo reference coordinates
case_8_event_start,SUN,kaala,92.072818825,61.570000000,30.502818825,30.502818825,0.500000000,fail,PyJHora 4.8.7 Tier B isolated export; Raman ayanamsa; wheel sha256 D8D8014573A38DDEFEDCAE57D3B8D84687CAC2AD31BB5B1DD70D945906A4D54D; event civil timezone; Tokyo reference coordinates
case_8_event_start,SUN,naisargika,60.000000000,60.000000000,0.000000000,0.000000000,0.500000000,pass,PyJHora 4.8.7 Tier B isolated export; Raman ayanamsa; wheel sha256 D8D8014573A38DDEFEDCAE57D3B8D84687CAC2AD31BB5B1DD70D945906A4D54D; event civil timezone; Tokyo reference coordinates
case_8_event_start,SUN,sthana,176.828359418,174.210000000,2.618359418,2.618359418,0.500000000,fail,PyJHora 4.8.7 Tier B isolated export; Raman ayanamsa; wheel sha256 D8D8014573A38DDEFEDCAE57D3B8D84687CAC2AD31BB5B1DD70D945906A4D54D; event civil timezone; Tokyo reference coordinates
case_8_event_start,VENUS,chesta,60.000000000,65.940000000,-5.940000000,5.940000000,0.500000000,fail,PyJHora 4.8.7 Tier B isolated export; Raman ayanamsa; wheel sha256 D8D8014573A38DDEFEDCAE57D3B8D84687CAC2AD31BB5B1DD70D945906A4D54D; event civil timezone; Tokyo reference coordinates
case_8_event_start,VENUS,dig,47.689048782,72.310000000,-24.620951218,24.620951218,0.500000000,fail,PyJHora 4.8.7 Tier B isolated export; Raman ayanamsa; wheel sha256 D8D8014573A38DDEFEDCAE57D3B8D84687CAC2AD31BB5B1DD70D945906A4D54D; event civil timezone; Tokyo reference coordinates
case_8_event_start,VENUS,drik,-2.060000000,-2.060000000,0.000000000,0.000000000,0.500000000,pass,PyJHora 4.8.7 Tier B isolated export; Raman ayanamsa; wheel sha256 D8D8014573A38DDEFEDCAE57D3B8D84687CAC2AD31BB5B1DD70D945906A4D54D; event civil timezone; Tokyo reference coordinates
case_8_event_start,VENUS,kaala,186.158183638,256.720000000,-70.561816362,70.561816362,0.500000000,fail,PyJHora 4.8.7 Tier B isolated export; Raman ayanamsa; wheel sha256 D8D8014573A38DDEFEDCAE57D3B8D84687CAC2AD31BB5B1DD70D945906A4D54D; event civil timezone; Tokyo reference coordinates
case_8_event_start,VENUS,naisargika,42.860000000,42.860000000,0.000000000,0.000000000,0.500000000,pass,PyJHora 4.8.7 Tier B isolated export; Raman ayanamsa; wheel sha256 D8D8014573A38DDEFEDCAE57D3B8D84687CAC2AD31BB5B1DD70D945906A4D54D; event civil timezone; Tokyo reference coordinates
case_8_event_start,VENUS,sthana,291.810327972,191.810000000,100.000327972,100.000327972,0.500000000,fail,PyJHora 4.8.7 Tier B isolated export; Raman ayanamsa; wheel sha256 D8D8014573A38DDEFEDCAE57D3B8D84687CAC2AD31BB5B1DD70D945906A4D54D; event civil timezone; Tokyo reference coordinates
gann_reference_tokyo,JUPITER,chesta,30.000000000,11.830000000,18.170000000,18.170000000,0.500000000,fail,PyJHora 4.8.7 Tier B isolated export; Raman ayanamsa; wheel sha256 D8D8014573A38DDEFEDCAE57D3B8D84687CAC2AD31BB5B1DD70D945906A4D54D; event civil timezone; Tokyo reference coordinates
gann_reference_tokyo,JUPITER,dig,44.943968955,75.060000000,-30.116031045,30.116031045,0.500000000,fail,PyJHora 4.8.7 Tier B isolated export; Raman ayanamsa; wheel sha256 D8D8014573A38DDEFEDCAE57D3B8D84687CAC2AD31BB5B1DD70D945906A4D54D; event civil timezone; Tokyo reference coordinates
gann_reference_tokyo,JUPITER,drik,11.670000000,11.670000000,0.000000000,0.000000000,0.500000000,pass,PyJHora 4.8.7 Tier B isolated export; Raman ayanamsa; wheel sha256 D8D8014573A38DDEFEDCAE57D3B8D84687CAC2AD31BB5B1DD70D945906A4D54D; event civil timezone; Tokyo reference coordinates
gann_reference_tokyo,JUPITER,kaala,102.604920847,139.700000000,-37.095079153,37.095079153,0.500000000,fail,PyJHora 4.8.7 Tier B isolated export; Raman ayanamsa; wheel sha256 D8D8014573A38DDEFEDCAE57D3B8D84687CAC2AD31BB5B1DD70D945906A4D54D; event civil timezone; Tokyo reference coordinates
gann_reference_tokyo,JUPITER,naisargika,34.290000000,34.290000000,0.000000000,0.000000000,0.500000000,pass,PyJHora 4.8.7 Tier B isolated export; Raman ayanamsa; wheel sha256 D8D8014573A38DDEFEDCAE57D3B8D84687CAC2AD31BB5B1DD70D945906A4D54D; event civil timezone; Tokyo reference coordinates
gann_reference_tokyo,JUPITER,sthana,226.335997874,192.080000000,34.255997874,34.255997874,0.500000000,fail,PyJHora 4.8.7 Tier B isolated export; Raman ayanamsa; wheel sha256 D8D8014573A38DDEFEDCAE57D3B8D84687CAC2AD31BB5B1DD70D945906A4D54D; event civil timezone; Tokyo reference coordinates
gann_reference_tokyo,MARS,chesta,45.000000000,12.740000000,32.260000000,32.260000000,0.500000000,fail,PyJHora 4.8.7 Tier B isolated export; Raman ayanamsa; wheel sha256 D8D8014573A38DDEFEDCAE57D3B8D84687CAC2AD31BB5B1DD70D945906A4D54D; event civil timezone; Tokyo reference coordinates
gann_reference_tokyo,MARS,dig,10.554509818,10.560000000,-0.005490182,0.005490182,0.500000000,pass,PyJHora 4.8.7 Tier B isolated export; Raman ayanamsa; wheel sha256 D8D8014573A38DDEFEDCAE57D3B8D84687CAC2AD31BB5B1DD70D945906A4D54D; event civil timezone; Tokyo reference coordinates
gann_reference_tokyo,MARS,drik,2.590000000,2.590000000,0.000000000,0.000000000,0.500000000,pass,PyJHora 4.8.7 Tier B isolated export; Raman ayanamsa; wheel sha256 D8D8014573A38DDEFEDCAE57D3B8D84687CAC2AD31BB5B1DD70D945906A4D54D; event civil timezone; Tokyo reference coordinates
gann_reference_tokyo,MARS,kaala,135.218662532,97.720000000,37.498662532,37.498662532,0.500000000,fail,PyJHora 4.8.7 Tier B isolated export; Raman ayanamsa; wheel sha256 D8D8014573A38DDEFEDCAE57D3B8D84687CAC2AD31BB5B1DD70D945906A4D54D; event civil timezone; Tokyo reference coordinates
gann_reference_tokyo,MARS,naisargika,17.140000000,17.140000000,0.000000000,0.000000000,0.500000000,pass,PyJHora 4.8.7 Tier B isolated export; Raman ayanamsa; wheel sha256 D8D8014573A38DDEFEDCAE57D3B8D84687CAC2AD31BB5B1DD70D945906A4D54D; event civil timezone; Tokyo reference coordinates
gann_reference_tokyo,MARS,sthana,212.002135093,224.250000000,-12.247864907,12.247864907,0.500000000,fail,PyJHora 4.8.7 Tier B isolated export; Raman ayanamsa; wheel sha256 D8D8014573A38DDEFEDCAE57D3B8D84687CAC2AD31BB5B1DD70D945906A4D54D; event civil timezone; Tokyo reference coordinates
gann_reference_tokyo,MERCURY,chesta,60.000000000,97.400000000,-37.400000000,37.400000000,0.500000000,fail,PyJHora 4.8.7 Tier B isolated export; Raman ayanamsa; wheel sha256 D8D8014573A38DDEFEDCAE57D3B8D84687CAC2AD31BB5B1DD70D945906A4D54D; event civil timezone; Tokyo reference coordinates
gann_reference_tokyo,MERCURY,dig,24.889921524,95.110000000,-70.220078476,70.220078476,0.500000000,fail,PyJHora 4.8.7 Tier B isolated export; Raman ayanamsa; wheel sha256 D8D8014573A38DDEFEDCAE57D3B8D84687CAC2AD31BB5B1DD70D945906A4D54D; event civil timezone; Tokyo reference coordinates
gann_reference_tokyo,MERCURY,drik,-3.030000000,-3.030000000,0.000000000,0.000000000,0.500000000,pass,PyJHora 4.8.7 Tier B isolated export; Raman ayanamsa; wheel sha256 D8D8014573A38DDEFEDCAE57D3B8D84687CAC2AD31BB5B1DD70D945906A4D54D; event civil timezone; Tokyo reference coordinates
gann_reference_tokyo,MERCURY,kaala,155.108446293,84.130000000,70.978446293,70.978446293,0.500000000,fail,PyJHora 4.8.7 Tier B isolated export; Raman ayanamsa; wheel sha256 D8D8014573A38DDEFEDCAE57D3B8D84687CAC2AD31BB5B1DD70D945906A4D54D; event civil timezone; Tokyo reference coordinates
gann_reference_tokyo,MERCURY,naisargika,25.710000000,25.710000000,0.000000000,0.000000000,0.500000000,pass,PyJHora 4.8.7 Tier B isolated export; Raman ayanamsa; wheel sha256 D8D8014573A38DDEFEDCAE57D3B8D84687CAC2AD31BB5B1DD70D945906A4D54D; event civil timezone; Tokyo reference coordinates
gann_reference_tokyo,MERCURY,sthana,164.615283777,176.610000000,-11.994716223,11.994716223,0.500000000,fail,PyJHora 4.8.7 Tier B isolated export; Raman ayanamsa; wheel sha256 D8D8014573A38DDEFEDCAE57D3B8D84687CAC2AD31BB5B1DD70D945906A4D54D; event civil timezone; Tokyo reference coordinates
gann_reference_tokyo,MOON,chesta,79.876458099,0.000000000,79.876458099,79.876458099,0.500000000,fail,PyJHora 4.8.7 Tier B isolated export; Raman ayanamsa; wheel sha256 D8D8014573A38DDEFEDCAE57D3B8D84687CAC2AD31BB5B1DD70D945906A4D54D; event civil timezone; Tokyo reference coordinates
gann_reference_tokyo,MOON,dig,20.415474096,20.410000000,0.005474096,0.005474096,0.500000000,pass,PyJHora 4.8.7 Tier B isolated export; Raman ayanamsa; wheel sha256 D8D8014573A38DDEFEDCAE57D3B8D84687CAC2AD31BB5B1DD70D945906A4D54D; event civil timezone; Tokyo reference coordinates
gann_reference_tokyo,MOON,drik,-9.030000000,-9.030000000,0.000000000,0.000000000,0.500000000,pass,PyJHora 4.8.7 Tier B isolated export; Raman ayanamsa; wheel sha256 D8D8014573A38DDEFEDCAE57D3B8D84687CAC2AD31BB5B1DD70D945906A4D54D; event civil timezone; Tokyo reference coordinates
gann_reference_tokyo,MOON,kaala,187.486415508,220.820000000,-33.333584492,33.333584492,0.500000000,fail,PyJHora 4.8.7 Tier B isolated export; Raman ayanamsa; wheel sha256 D8D8014573A38DDEFEDCAE57D3B8D84687CAC2AD31BB5B1DD70D945906A4D54D; event civil timezone; Tokyo reference coordinates
gann_reference_tokyo,MOON,naisargika,51.430000000,51.430000000,0.000000000,0.000000000,0.500000000,pass,PyJHora 4.8.7 Tier B isolated export; Raman ayanamsa; wheel sha256 D8D8014573A38DDEFEDCAE57D3B8D84687CAC2AD31BB5B1DD70D945906A4D54D; event civil timezone; Tokyo reference coordinates
gann_reference_tokyo,MOON,sthana,145.638785674,133.140000000,12.498785674,12.498785674,0.500000000,fail,PyJHora 4.8.7 Tier B isolated export; Raman ayanamsa; wheel sha256 D8D8014573A38DDEFEDCAE57D3B8D84687CAC2AD31BB5B1DD70D945906A4D54D; event civil timezone; Tokyo reference coordinates
gann_reference_tokyo,SATURN,chesta,60.000000000,44.790000000,15.210000000,15.210000000,0.500000000,fail,PyJHora 4.8.7 Tier B isolated export; Raman ayanamsa; wheel sha256 D8D8014573A38DDEFEDCAE57D3B8D84687CAC2AD31BB5B1DD70D945906A4D54D; event civil timezone; Tokyo reference coordinates
gann_reference_tokyo,SATURN,dig,29.730170172,29.730000000,0.000170172,0.000170172,0.500000000,pass,PyJHora 4.8.7 Tier B isolated export; Raman ayanamsa; wheel sha256 D8D8014573A38DDEFEDCAE57D3B8D84687CAC2AD31BB5B1DD70D945906A4D54D; event civil timezone; Tokyo reference coordinates
gann_reference_tokyo,SATURN,drik,-4.140000000,-4.130000000,-0.010000000,0.010000000,0.500000000,pass,PyJHora 4.8.7 Tier B isolated export; Raman ayanamsa; wheel sha256 D8D8014573A38DDEFEDCAE57D3B8D84687CAC2AD31BB5B1DD70D945906A4D54D; event civil timezone; Tokyo reference coordinates
gann_reference_tokyo,SATURN,kaala,87.261041338,50.010000000,37.251041338,37.251041338,0.500000000,fail,PyJHora 4.8.7 Tier B isolated export; Raman ayanamsa; wheel sha256 D8D8014573A38DDEFEDCAE57D3B8D84687CAC2AD31BB5B1DD70D945906A4D54D; event civil timezone; Tokyo reference coordinates
gann_reference_tokyo,SATURN,naisargika,8.570000000,8.570000000,0.000000000,0.000000000,0.500000000,pass,PyJHora 4.8.7 Tier B isolated export; Raman ayanamsa; wheel sha256 D8D8014573A38DDEFEDCAE57D3B8D84687CAC2AD31BB5B1DD70D945906A4D54D; event civil timezone; Tokyo reference coordinates
gann_reference_tokyo,SATURN,sthana,204.877800909,166.880000000,37.997800909,37.997800909,0.500000000,fail,PyJHora 4.8.7 Tier B isolated export; Raman ayanamsa; wheel sha256 D8D8014573A38DDEFEDCAE57D3B8D84687CAC2AD31BB5B1DD70D945906A4D54D; event civil timezone; Tokyo reference coordinates
gann_reference_tokyo,SUN,chesta,24.646971965,0.000000000,24.646971965,24.646971965,0.500000000,fail,PyJHora 4.8.7 Tier B isolated export; Raman ayanamsa; wheel sha256 D8D8014573A38DDEFEDCAE57D3B8D84687CAC2AD31BB5B1DD70D945906A4D54D; event civil timezone; Tokyo reference coordinates
gann_reference_tokyo,SUN,dig,0.353703145,0.350000000,0.003703145,0.003703145,0.500000000,pass,PyJHora 4.8.7 Tier B isolated export; Raman ayanamsa; wheel sha256 D8D8014573A38DDEFEDCAE57D3B8D84687CAC2AD31BB5B1DD70D945906A4D54D; event civil timezone; Tokyo reference coordinates
gann_reference_tokyo,SUN,drik,-4.160000000,-4.160000000,0.000000000,0.000000000,0.500000000,pass,PyJHora 4.8.7 Tier B isolated export; Raman ayanamsa; wheel sha256 D8D8014573A38DDEFEDCAE57D3B8D84687CAC2AD31BB5B1DD70D945906A4D54D; event civil timezone; Tokyo reference coordinates
gann_reference_tokyo,SUN,kaala,106.258842916,63.490000000,42.768842916,42.768842916,0.500000000,fail,PyJHora 4.8.7 Tier B isolated export; Raman ayanamsa; wheel sha256 D8D8014573A38DDEFEDCAE57D3B8D84687CAC2AD31BB5B1DD70D945906A4D54D; event civil timezone; Tokyo reference coordinates
gann_reference_tokyo,SUN,naisargika,60.000000000,60.000000000,0.000000000,0.000000000,0.500000000,pass,PyJHora 4.8.7 Tier B isolated export; Raman ayanamsa; wheel sha256 D8D8014573A38DDEFEDCAE57D3B8D84687CAC2AD31BB5B1DD70D945906A4D54D; event civil timezone; Tokyo reference coordinates
gann_reference_tokyo,SUN,sthana,225.089651943,179.590000000,45.499651943,45.499651943,0.500000000,fail,PyJHora 4.8.7 Tier B isolated export; Raman ayanamsa; wheel sha256 D8D8014573A38DDEFEDCAE57D3B8D84687CAC2AD31BB5B1DD70D945906A4D54D; event civil timezone; Tokyo reference coordinates
gann_reference_tokyo,VENUS,chesta,30.000000000,78.270000000,-48.270000000,48.270000000,0.500000000,fail,PyJHora 4.8.7 Tier B isolated export; Raman ayanamsa; wheel sha256 D8D8014573A38DDEFEDCAE57D3B8D84687CAC2AD31BB5B1DD70D945906A4D54D; event civil timezone; Tokyo reference coordinates
gann_reference_tokyo,VENUS,dig,44.885346053,75.120000000,-30.234653947,30.234653947,0.500000000,fail,PyJHora 4.8.7 Tier B isolated export; Raman ayanamsa; wheel sha256 D8D8014573A38DDEFEDCAE57D3B8D84687CAC2AD31BB5B1DD70D945906A4D54D; event civil timezone; Tokyo reference coordinates
gann_reference_tokyo,VENUS,drik,0.480000000,0.480000000,0.000000000,0.000000000,0.500000000,pass,PyJHora 4.8.7 Tier B isolated export; Raman ayanamsa; wheel sha256 D8D8014573A38DDEFEDCAE57D3B8D84687CAC2AD31BB5B1DD70D945906A4D54D; event civil timezone; Tokyo reference coordinates
gann_reference_tokyo,VENUS,kaala,136.774400722,225.370000000,-88.595599278,88.595599278,0.500000000,fail,PyJHora 4.8.7 Tier B isolated export; Raman ayanamsa; wheel sha256 D8D8014573A38DDEFEDCAE57D3B8D84687CAC2AD31BB5B1DD70D945906A4D54D; event civil timezone; Tokyo reference coordinates
gann_reference_tokyo,VENUS,naisargika,42.860000000,42.860000000,0.000000000,0.000000000,0.500000000,pass,PyJHora 4.8.7 Tier B isolated export; Raman ayanamsa; wheel sha256 D8D8014573A38DDEFEDCAE57D3B8D84687CAC2AD31BB5B1DD70D945906A4D54D; event civil timezone; Tokyo reference coordinates
gann_reference_tokyo,VENUS,sthana,311.891342369,184.390000000,127.501342369,127.501342369,0.500000000,fail,PyJHora 4.8.7 Tier B isolated export; Raman ayanamsa; wheel sha256 D8D8014573A38DDEFEDCAE57D3B8D84687CAC2AD31BB5B1DD70D945906A4D54D; event civil timezone; Tokyo reference coordinates
