sample_id,target,aspector,angle_deg,nature,gross_virupa,raw_signed_virupa,normalized_signed_virupa,source
case_8_event_start,SUN,MOON,258.65,benefic,20.68,20.68,5.170000,PyJHora 4.8.7; Raman; wheel D8D8014573A38DDEFEDCAE57D3B8D84687CAC2AD31BB5B1DD70D945906A4D54D
case_8_event_start,SUN,MARS,239.46,malefic,45.27,-45.27,-11.317500,PyJHora 4.8.7; Raman; wheel D8D8014573A38DDEFEDCAE57D3B8D84687CAC2AD31BB5B1DD70D945906A4D54D
case_8_event_start,SUN,MERCURY,341.86,benefic,0.00,0.00,0.000000,PyJHora 4.8.7; Raman; wheel D8D8014573A38DDEFEDCAE57D3B8D84687CAC2AD31BB5B1DD70D945906A4D54D
case_8_event_start,SUN,JUPITER,274.39,benefic,12.81,12.81,3.202500,PyJHora 4.8.7; Raman; wheel D8D8014573A38DDEFEDCAE57D3B8D84687CAC2AD31BB5B1DD70D945906A4D54D
case_8_event_start,SUN,VENUS,337.06,benefic,0.00,0.00,0.000000,PyJHora 4.8.7; Raman; wheel D8D8014573A38DDEFEDCAE57D3B8D84687CAC2AD31BB5B1DD70D945906A4D54D
case_8_event_start,SUN,SATURN,355.75,malefic,0.00,-0.00,-0.000000,PyJHora 4.8.7; Raman; wheel D8D8014573A38DDEFEDCAE57D3B8D84687CAC2AD31BB5B1DD70D945906A4D54D
case_8_event_start,MOON,SUN,101.35,malefic,39.33,-39.33,-9.832500,PyJHora 4.8.7; Raman; wheel D8D8014573A38DDEFEDCAE57D3B8D84687CAC2AD31BB5B1DD70D945906A4D54D
case_8_event_start,MOON,MARS,340.80,malefic,0.00,-0.00,-0.000000,PyJHora 4.8.7; Raman; wheel D8D8014573A38DDEFEDCAE57D3B8D84687CAC2AD31BB5B1DD70D945906A4D54D
case_8_event_start,MOON,MERCURY,83.21,benefic,38.21,38.21,9.552500,PyJHora 4.8.7; Raman; wheel D8D8014573A38DDEFEDCAE57D3B8D84687CAC2AD31BB5B1DD70D945906A4D54D
case_8_event_start,MOON,JUPITER,15.74,benefic,0.00,0.00,0.000000,PyJHora 4.8.7; Raman; wheel D8D8014573A38DDEFEDCAE57D3B8D84687CAC2AD31BB5B1DD70D945906A4D54D
case_8_event_start,MOON,VENUS,78.41,benefic,33.41,33.41,8.352500,PyJHora 4.8.7; Raman; wheel D8D8014573A38DDEFEDCAE57D3B8D84687CAC2AD31BB5B1DD70D945906A4D54D
case_8_event_start,MOON,SATURN,97.10,malefic,41.45,-41.45,-10.362500,PyJHora 4.8.7; Raman; wheel D8D8014573A38DDEFEDCAE57D3B8D84687CAC2AD31BB5B1DD70D945906A4D54D
case_8_event_start,MARS,SUN,120.54,malefic,29.46,-29.46,-7.365000,PyJHora 4.8.7; Raman; wheel D8D8014573A38DDEFEDCAE57D3B8D84687CAC2AD31BB5B1DD70D945906A4D54D
case_8_event_start,MARS,MOON,19.20,benefic,0.00,0.00,0.000000,PyJHora 4.8.7; Raman; wheel D8D8014573A38DDEFEDCAE57D3B8D84687CAC2AD31BB5B1DD70D945906A4D54D
case_8_event_start,MARS,MERCURY,102.40,benefic,38.80,38.80,9.700000,PyJHora 4.8.7; Raman; wheel D8D8014573A38DDEFEDCAE57D3B8D84687CAC2AD31BB5B1DD70D945906A4D54D
case_8_event_start,MARS,JUPITER,34.94,benefic,2.47,2.47,0.617500,PyJHora 4.8.7; Raman; wheel D8D8014573A38DDEFEDCAE57D3B8D84687CAC2AD31BB5B1DD70D945906A4D54D
case_8_event_start,MARS,VENUS,97.60,benefic,41.20,41.20,10.300000,PyJHora 4.8.7; Raman; wheel D8D8014573A38DDEFEDCAE57D3B8D84687CAC2AD31BB5B1DD70D945906A4D54D
case_8_event_start,MARS,SATURN,116.29,malefic,31.85,-31.85,-7.962500,PyJHora 4.8.7; Raman; wheel D8D8014573A38DDEFEDCAE57D3B8D84687CAC2AD31BB5B1DD70D945906A4D54D
case_8_event_start,MERCURY,SUN,18.14,malefic,0.00,-0.00,-0.000000,PyJHora 4.8.7; Raman; wheel D8D8014573A38DDEFEDCAE57D3B8D84687CAC2AD31BB5B1DD70D945906A4D54D
case_8_event_start,MERCURY,MOON,276.79,benefic,11.60,11.60,2.900000,PyJHora 4.8.7; Raman; wheel D8D8014573A38DDEFEDCAE57D3B8D84687CAC2AD31BB5B1DD70D945906A4D54D
case_8_event_start,MERCURY,MARS,257.60,malefic,21.20,-21.20,-5.300000,PyJHora 4.8.7; Raman; wheel D8D8014573A38DDEFEDCAE57D3B8D84687CAC2AD31BB5B1DD70D945906A4D54D
case_8_event_start,MERCURY,JUPITER,292.54,benefic,3.73,3.73,0.932500,PyJHora 4.8.7; Raman; wheel D8D8014573A38DDEFEDCAE57D3B8D84687CAC2AD31BB5B1DD70D945906A4D54D
case_8_event_start,MERCURY,VENUS,355.20,benefic,0.00,0.00,0.000000,PyJHora 4.8.7; Raman; wheel D8D8014573A38DDEFEDCAE57D3B8D84687CAC2AD31BB5B1DD70D945906A4D54D
case_8_event_start,MERCURY,SATURN,13.89,malefic,0.00,-0.00,-0.000000,PyJHora 4.8.7; Raman; wheel D8D8014573A38DDEFEDCAE57D3B8D84687CAC2AD31BB5B1DD70D945906A4D54D
case_8_event_start,JUPITER,SUN,85.61,malefic,40.61,-40.61,-10.152500,PyJHora 4.8.7; Raman; wheel D8D8014573A38DDEFEDCAE57D3B8D84687CAC2AD31BB5B1DD70D945906A4D54D
case_8_event_start,JUPITER,MOON,344.26,benefic,0.00,0.00,0.000000,PyJHora 4.8.7; Raman; wheel D8D8014573A38DDEFEDCAE57D3B8D84687CAC2AD31BB5B1DD70D945906A4D54D
case_8_event_start,JUPITER,MARS,325.06,malefic,0.00,-0.00,-0.000000,PyJHora 4.8.7; Raman; wheel D8D8014573A38DDEFEDCAE57D3B8D84687CAC2AD31BB5B1DD70D945906A4D54D
case_8_event_start,JUPITER,MERCURY,67.46,benefic,22.46,22.46,5.615000,PyJHora 4.8.7; Raman; wheel D8D8014573A38DDEFEDCAE57D3B8D84687CAC2AD31BB5B1DD70D945906A4D54D
case_8_event_start,JUPITER,VENUS,62.67,benefic,17.67,17.67,4.417500,PyJHora 4.8.7; Raman; wheel D8D8014573A38DDEFEDCAE57D3B8D84687CAC2AD31BB5B1DD70D945906A4D54D
case_8_event_start,JUPITER,SATURN,81.35,malefic,81.35,-81.35,-20.337500,PyJHora 4.8.7; Raman; wheel D8D8014573A38DDEFEDCAE57D3B8D84687CAC2AD31BB5B1DD70D945906A4D54D
case_8_event_start,VENUS,SUN,22.94,malefic,0.00,-0.00,-0.000000,PyJHora 4.8.7; Raman; wheel D8D8014573A38DDEFEDCAE57D3B8D84687CAC2AD31BB5B1DD70D945906A4D54D
case_8_event_start,VENUS,MOON,281.59,benefic,9.21,9.21,2.302500,PyJHora 4.8.7; Raman; wheel D8D8014573A38DDEFEDCAE57D3B8D84687CAC2AD31BB5B1DD70D945906A4D54D
case_8_event_start,VENUS,MARS,262.40,malefic,18.80,-18.80,-4.700000,PyJHora 4.8.7; Raman; wheel D8D8014573A38DDEFEDCAE57D3B8D84687CAC2AD31BB5B1DD70D945906A4D54D
case_8_event_start,VENUS,MERCURY,4.80,benefic,0.00,0.00,0.000000,PyJHora 4.8.7; Raman; wheel D8D8014573A38DDEFEDCAE57D3B8D84687CAC2AD31BB5B1DD70D945906A4D54D
case_8_event_start,VENUS,JUPITER,297.33,benefic,1.34,1.34,0.335000,PyJHora 4.8.7; Raman; wheel D8D8014573A38DDEFEDCAE57D3B8D84687CAC2AD31BB5B1DD70D945906A4D54D
case_8_event_start,VENUS,SATURN,18.69,malefic,0.00,-0.00,-0.000000,PyJHora 4.8.7; Raman; wheel D8D8014573A38DDEFEDCAE57D3B8D84687CAC2AD31BB5B1DD70D945906A4D54D
case_8_event_start,SATURN,SUN,4.25,malefic,0.00,-0.00,-0.000000,PyJHora 4.8.7; Raman; wheel D8D8014573A38DDEFEDCAE57D3B8D84687CAC2AD31BB5B1DD70D945906A4D54D
case_8_event_start,SATURN,MOON,262.90,benefic,18.55,18.55,4.637500,PyJHora 4.8.7; Raman; wheel D8D8014573A38DDEFEDCAE57D3B8D84687CAC2AD31BB5B1DD70D945906A4D54D
case_8_event_start,SATURN,MARS,243.71,malefic,28.14,-28.14,-7.035000,PyJHora 4.8.7; Raman; wheel D8D8014573A38DDEFEDCAE57D3B8D84687CAC2AD31BB5B1DD70D945906A4D54D
case_8_event_start,SATURN,MERCURY,346.11,benefic,0.00,0.00,0.000000,PyJHora 4.8.7; Raman; wheel D8D8014573A38DDEFEDCAE57D3B8D84687CAC2AD31BB5B1DD70D945906A4D54D
case_8_event_start,SATURN,JUPITER,278.65,benefic,10.68,10.68,2.670000,PyJHora 4.8.7; Raman; wheel D8D8014573A38DDEFEDCAE57D3B8D84687CAC2AD31BB5B1DD70D945906A4D54D
case_8_event_start,SATURN,VENUS,341.31,benefic,0.00,0.00,0.000000,PyJHora 4.8.7; Raman; wheel D8D8014573A38DDEFEDCAE57D3B8D84687CAC2AD31BB5B1DD70D945906A4D54D
case_43_event_start,SUN,MOON,285.42,benefic,7.29,7.29,1.822500,PyJHora 4.8.7; Raman; wheel D8D8014573A38DDEFEDCAE57D3B8D84687CAC2AD31BB5B1DD70D945906A4D54D
case_43_event_start,SUN,MARS,259.79,malefic,20.10,-20.10,-5.025000,PyJHora 4.8.7; Raman; wheel D8D8014573A38DDEFEDCAE57D3B8D84687CAC2AD31BB5B1DD70D945906A4D54D
case_43_event_start,SUN,MERCURY,16.94,malefic,0.00,-0.00,-0.000000,PyJHora 4.8.7; Raman; wheel D8D8014573A38DDEFEDCAE57D3B8D84687CAC2AD31BB5B1DD70D945906A4D54D
case_43_event_start,SUN,JUPITER,297.92,benefic,1.04,1.04,0.260000,PyJHora 4.8.7; Raman; wheel D8D8014573A38DDEFEDCAE57D3B8D84687CAC2AD31BB5B1DD70D945906A4D54D
case_43_event_start,SUN,VENUS,18.03,benefic,0.00,0.00,0.000000,PyJHora 4.8.7; Raman; wheel D8D8014573A38DDEFEDCAE57D3B8D84687CAC2AD31BB5B1DD70D945906A4D54D
case_43_event_start,SUN,SATURN,19.52,malefic,0.00,-0.00,-0.000000,PyJHora 4.8.7; Raman; wheel D8D8014573A38DDEFEDCAE57D3B8D84687CAC2AD31BB5B1DD70D945906A4D54D
case_43_event_start,MOON,SUN,74.58,malefic,29.58,-29.58,-7.395000,PyJHora 4.8.7; Raman; wheel D8D8014573A38DDEFEDCAE57D3B8D84687CAC2AD31BB5B1DD70D945906A4D54D
case_43_event_start,MOON,MARS,334.37,malefic,0.00,-0.00,-0.000000,PyJHora 4.8.7; Raman; wheel D8D8014573A38DDEFEDCAE57D3B8D84687CAC2AD31BB5B1DD70D945906A4D54D
case_43_event_start,MOON,MERCURY,91.52,malefic,44.24,-44.24,-11.060000,PyJHora 4.8.7; Raman; wheel D8D8014573A38DDEFEDCAE57D3B8D84687CAC2AD31BB5B1DD70D945906A4D54D
case_43_event_start,MOON,JUPITER,12.50,benefic,0.00,0.00,0.000000,PyJHora 4.8.7; Raman; wheel D8D8014573A38DDEFEDCAE57D3B8D84687CAC2AD31BB5B1DD70D945906A4D54D
case_43_event_start,MOON,VENUS,92.62,benefic,43.69,43.69,10.922500,PyJHora 4.8.7; Raman; wheel D8D8014573A38DDEFEDCAE57D3B8D84687CAC2AD31BB5B1DD70D945906A4D54D
case_43_event_start,MOON,SATURN,94.10,malefic,42.95,-42.95,-10.737500,PyJHora 4.8.7; Raman; wheel D8D8014573A38DDEFEDCAE57D3B8D84687CAC2AD31BB5B1DD70D945906A4D54D
case_43_event_start,MARS,SUN,100.21,malefic,39.90,-39.90,-9.975000,PyJHora 4.8.7; Raman; wheel D8D8014573A38DDEFEDCAE57D3B8D84687CAC2AD31BB5B1DD70D945906A4D54D
case_43_event_start,MARS,MOON,25.63,benefic,0.00,0.00,0.000000,PyJHora 4.8.7; Raman; wheel D8D8014573A38DDEFEDCAE57D3B8D84687CAC2AD31BB5B1DD70D945906A4D54D
case_43_event_start,MARS,MERCURY,117.15,malefic,31.42,-31.42,-7.855000,PyJHora 4.8.7; Raman; wheel D8D8014573A38DDEFEDCAE57D3B8D84687CAC2AD31BB5B1DD70D945906A4D54D
case_43_event_start,MARS,JUPITER,38.13,benefic,4.07,4.07,1.017500,PyJHora 4.8.7; Raman; wheel D8D8014573A38DDEFEDCAE57D3B8D84687CAC2AD31BB5B1DD70D945906A4D54D
case_43_event_start,MARS,VENUS,118.24,benefic,30.88,30.88,7.720000,PyJHora 4.8.7; Raman; wheel D8D8014573A38DDEFEDCAE57D3B8D84687CAC2AD31BB5B1DD70D945906A4D54D
case_43_event_start,MARS,SATURN,119.73,malefic,30.13,-30.13,-7.532500,PyJHora 4.8.7; Raman; wheel D8D8014573A38DDEFEDCAE57D3B8D84687CAC2AD31BB5B1DD70D945906A4D54D
case_43_event_start,MERCURY,SUN,343.06,malefic,0.00,-0.00,-0.000000,PyJHora 4.8.7; Raman; wheel D8D8014573A38DDEFEDCAE57D3B8D84687CAC2AD31BB5B1DD70D945906A4D54D
case_43_event_start,MERCURY,MOON,268.48,benefic,15.76,15.76,3.940000,PyJHora 4.8.7; Raman; wheel D8D8014573A38DDEFEDCAE57D3B8D84687CAC2AD31BB5B1DD70D945906A4D54D
case_43_event_start,MERCURY,MARS,242.85,malefic,28.58,-28.58,-7.145000,PyJHora 4.8.7; Raman; wheel D8D8014573A38DDEFEDCAE57D3B8D84687CAC2AD31BB5B1DD70D945906A4D54D
case_43_event_start,MERCURY,JUPITER,280.98,benefic,9.51,9.51,2.377500,PyJHora 4.8.7; Raman; wheel D8D8014573A38DDEFEDCAE57D3B8D84687CAC2AD31BB5B1DD70D945906A4D54D
case_43_event_start,MERCURY,VENUS,1.09,benefic,0.00,0.00,0.000000,PyJHora 4.8.7; Raman; wheel D8D8014573A38DDEFEDCAE57D3B8D84687CAC2AD31BB5B1DD70D945906A4D54D
case_43_event_start,MERCURY,SATURN,2.58,malefic,0.00,-0.00,-0.000000,PyJHora 4.8.7; Raman; wheel D8D8014573A38DDEFEDCAE57D3B8D84687CAC2AD31BB5B1DD70D945906A4D54D
case_43_event_start,JUPITER,SUN,62.08,malefic,17.08,-17.08,-4.270000,PyJHora 4.8.7; Raman; wheel D8D8014573A38DDEFEDCAE57D3B8D84687CAC2AD31BB5B1DD70D945906A4D54D
case_43_event_start,JUPITER,MOON,347.50,benefic,0.00,0.00,0.000000,PyJHora 4.8.7; Raman; wheel D8D8014573A38DDEFEDCAE57D3B8D84687CAC2AD31BB5B1DD70D945906A4D54D
case_43_event_start,JUPITER,MARS,321.87,malefic,0.00,-0.00,-0.000000,PyJHora 4.8.7; Raman; wheel D8D8014573A38DDEFEDCAE57D3B8D84687CAC2AD31BB5B1DD70D945906A4D54D
case_43_event_start,JUPITER,MERCURY,79.02,malefic,34.02,-34.02,-8.505000,PyJHora 4.8.7; Raman; wheel D8D8014573A38DDEFEDCAE57D3B8D84687CAC2AD31BB5B1DD70D945906A4D54D
case_43_event_start,JUPITER,VENUS,80.11,benefic,35.11,35.11,8.777500,PyJHora 4.8.7; Raman; wheel D8D8014573A38DDEFEDCAE57D3B8D84687CAC2AD31BB5B1DD70D945906A4D54D
case_43_event_start,JUPITER,SATURN,81.60,malefic,81.60,-81.60,-20.400000,PyJHora 4.8.7; Raman; wheel D8D8014573A38DDEFEDCAE57D3B8D84687CAC2AD31BB5B1DD70D945906A4D54D
case_43_event_start,VENUS,SUN,341.97,malefic,0.00,-0.00,-0.000000,PyJHora 4.8.7; Raman; wheel D8D8014573A38DDEFEDCAE57D3B8D84687CAC2AD31BB5B1DD70D945906A4D54D
case_43_event_start,VENUS,MOON,267.38,benefic,16.31,16.31,4.077500,PyJHora 4.8.7; Raman; wheel D8D8014573A38DDEFEDCAE57D3B8D84687CAC2AD31BB5B1DD70D945906A4D54D
case_43_event_start,VENUS,MARS,241.76,malefic,29.12,-29.12,-7.280000,PyJHora 4.8.7; Raman; wheel D8D8014573A38DDEFEDCAE57D3B8D84687CAC2AD31BB5B1DD70D945906A4D54D
case_43_event_start,VENUS,MERCURY,358.91,malefic,0.00,-0.00,-0.000000,PyJHora 4.8.7; Raman; wheel D8D8014573A38DDEFEDCAE57D3B8D84687CAC2AD31BB5B1DD70D945906A4D54D
case_43_event_start,VENUS,JUPITER,279.89,benefic,10.06,10.06,2.515000,PyJHora 4.8.7; Raman; wheel D8D8014573A38DDEFEDCAE57D3B8D84687CAC2AD31BB5B1DD70D945906A4D54D
case_43_event_start,VENUS,SATURN,1.48,malefic,0.00,-0.00,-0.000000,PyJHora 4.8.7; Raman; wheel D8D8014573A38DDEFEDCAE57D3B8D84687CAC2AD31BB5B1DD70D945906A4D54D
case_43_event_start,SATURN,SUN,340.48,malefic,0.00,-0.00,-0.000000,PyJHora 4.8.7; Raman; wheel D8D8014573A38DDEFEDCAE57D3B8D84687CAC2AD31BB5B1DD70D945906A4D54D
case_43_event_start,SATURN,MOON,265.90,benefic,17.05,17.05,4.262500,PyJHora 4.8.7; Raman; wheel D8D8014573A38DDEFEDCAE57D3B8D84687CAC2AD31BB5B1DD70D945906A4D54D
case_43_event_start,SATURN,MARS,240.27,malefic,29.86,-29.86,-7.465000,PyJHora 4.8.7; Raman; wheel D8D8014573A38DDEFEDCAE57D3B8D84687CAC2AD31BB5B1DD70D945906A4D54D
case_43_event_start,SATURN,MERCURY,357.42,malefic,0.00,-0.00,-0.000000,PyJHora 4.8.7; Raman; wheel D8D8014573A38DDEFEDCAE57D3B8D84687CAC2AD31BB5B1DD70D945906A4D54D
case_43_event_start,SATURN,JUPITER,278.40,benefic,10.80,10.80,2.700000,PyJHora 4.8.7; Raman; wheel D8D8014573A38DDEFEDCAE57D3B8D84687CAC2AD31BB5B1DD70D945906A4D54D
case_43_event_start,SATURN,VENUS,358.52,benefic,0.00,0.00,0.000000,PyJHora 4.8.7; Raman; wheel D8D8014573A38DDEFEDCAE57D3B8D84687CAC2AD31BB5B1DD70D945906A4D54D
case_103_event_start,SUN,MOON,146.63,malefic,3.37,-3.37,-0.842500,PyJHora 4.8.7; Raman; wheel D8D8014573A38DDEFEDCAE57D3B8D84687CAC2AD31BB5B1DD70D945906A4D54D
case_103_event_start,SUN,MARS,282.46,malefic,8.77,-8.77,-2.192500,PyJHora 4.8.7; Raman; wheel D8D8014573A38DDEFEDCAE57D3B8D84687CAC2AD31BB5B1DD70D945906A4D54D
case_103_event_start,SUN,MERCURY,15.91,benefic,0.00,0.00,0.000000,PyJHora 4.8.7; Raman; wheel D8D8014573A38DDEFEDCAE57D3B8D84687CAC2AD31BB5B1DD70D945906A4D54D
case_103_event_start,SUN,JUPITER,330.68,benefic,0.00,0.00,0.000000,PyJHora 4.8.7; Raman; wheel D8D8014573A38DDEFEDCAE57D3B8D84687CAC2AD31BB5B1DD70D945906A4D54D
case_103_event_start,SUN,VENUS,44.72,benefic,7.36,7.36,1.840000,PyJHora 4.8.7; Raman; wheel D8D8014573A38DDEFEDCAE57D3B8D84687CAC2AD31BB5B1DD70D945906A4D54D
case_103_event_start,SUN,SATURN,55.87,malefic,12.93,-12.93,-3.232500,PyJHora 4.8.7; Raman; wheel D8D8014573A38DDEFEDCAE57D3B8D84687CAC2AD31BB5B1DD70D945906A4D54D
case_103_event_start,MOON,SUN,213.37,malefic,43.31,-43.31,-10.827500,PyJHora 4.8.7; Raman; wheel D8D8014573A38DDEFEDCAE57D3B8D84687CAC2AD31BB5B1DD70D945906A4D54D
case_103_event_start,MOON,MARS,135.83,malefic,14.17,-14.17,-3.542500,PyJHora 4.8.7; Raman; wheel D8D8014573A38DDEFEDCAE57D3B8D84687CAC2AD31BB5B1DD70D945906A4D54D
case_103_event_start,MOON,MERCURY,229.28,benefic,35.36,35.36,8.840000,PyJHora 4.8.7; Raman; wheel D8D8014573A38DDEFEDCAE57D3B8D84687CAC2AD31BB5B1DD70D945906A4D54D
case_103_event_start,MOON,JUPITER,184.05,benefic,57.97,57.97,14.492500,PyJHora 4.8.7; Raman; wheel D8D8014573A38DDEFEDCAE57D3B8D84687CAC2AD31BB5B1DD70D945906A4D54D
case_103_event_start,MOON,VENUS,258.09,benefic,20.96,20.96,5.240000,PyJHora 4.8.7; Raman; wheel D8D8014573A38DDEFEDCAE57D3B8D84687CAC2AD31BB5B1DD70D945906A4D54D
case_103_event_start,MOON,SATURN,269.25,malefic,15.38,-15.38,-3.845000,PyJHora 4.8.7; Raman; wheel D8D8014573A38DDEFEDCAE57D3B8D84687CAC2AD31BB5B1DD70D945906A4D54D
case_103_event_start,MARS,SUN,77.54,malefic,32.54,-32.54,-8.135000,PyJHora 4.8.7; Raman; wheel D8D8014573A38DDEFEDCAE57D3B8D84687CAC2AD31BB5B1DD70D945906A4D54D
case_103_event_start,MARS,MOON,224.17,malefic,37.92,-37.92,-9.480000,PyJHora 4.8.7; Raman; wheel D8D8014573A38DDEFEDCAE57D3B8D84687CAC2AD31BB5B1DD70D945906A4D54D
case_103_event_start,MARS,MERCURY,93.45,benefic,43.27,43.27,10.817500,PyJHora 4.8.7; Raman; wheel D8D8014573A38DDEFEDCAE57D3B8D84687CAC2AD31BB5B1DD70D945906A4D54D
case_103_event_start,MARS,JUPITER,48.22,benefic,9.11,9.11,2.277500,PyJHora 4.8.7; Raman; wheel D8D8014573A38DDEFEDCAE57D3B8D84687CAC2AD31BB5B1DD70D945906A4D54D
case_103_event_start,MARS,VENUS,122.25,benefic,27.75,27.75,6.937500,PyJHora 4.8.7; Raman; wheel D8D8014573A38DDEFEDCAE57D3B8D84687CAC2AD31BB5B1DD70D945906A4D54D
case_103_event_start,MARS,SATURN,133.41,malefic,16.59,-16.59,-4.147500,PyJHora 4.8.7; Raman; wheel D8D8014573A38DDEFEDCAE57D3B8D84687CAC2AD31BB5B1DD70D945906A4D54D
case_103_event_start,MERCURY,SUN,344.09,malefic,0.00,-0.00,-0.000000,PyJHora 4.8.7; Raman; wheel D8D8014573A38DDEFEDCAE57D3B8D84687CAC2AD31BB5B1DD70D945906A4D54D
case_103_event_start,MERCURY,MOON,130.72,malefic,19.28,-19.28,-4.820000,PyJHora 4.8.7; Raman; wheel D8D8014573A38DDEFEDCAE57D3B8D84687CAC2AD31BB5B1DD70D945906A4D54D
case_103_event_start,MERCURY,MARS,266.55,malefic,16.72,-16.72,-4.180000,PyJHora 4.8.7; Raman; wheel D8D8014573A38DDEFEDCAE57D3B8D84687CAC2AD31BB5B1DD70D945906A4D54D
case_103_event_start,MERCURY,JUPITER,314.77,benefic,0.00,0.00,0.000000,PyJHora 4.8.7; Raman; wheel D8D8014573A38DDEFEDCAE57D3B8D84687CAC2AD31BB5B1DD70D945906A4D54D
case_103_event_start,MERCURY,VENUS,28.80,benefic,0.00,0.00,0.000000,PyJHora 4.8.7; Raman; wheel D8D8014573A38DDEFEDCAE57D3B8D84687CAC2AD31BB5B1DD70D945906A4D54D
case_103_event_start,MERCURY,SATURN,39.96,malefic,4.98,-4.98,-1.245000,PyJHora 4.8.7; Raman; wheel D8D8014573A38DDEFEDCAE57D3B8D84687CAC2AD31BB5B1DD70D945906A4D54D
case_103_event_start,JUPITER,SUN,29.32,malefic,0.00,-0.00,-0.000000,PyJHora 4.8.7; Raman; wheel D8D8014573A38DDEFEDCAE57D3B8D84687CAC2AD31BB5B1DD70D945906A4D54D
case_103_event_start,JUPITER,MOON,175.95,malefic,51.90,-51.90,-12.975000,PyJHora 4.8.7; Raman; wheel D8D8014573A38DDEFEDCAE57D3B8D84687CAC2AD31BB5B1DD70D945906A4D54D
case_103_event_start,JUPITER,MARS,311.78,malefic,0.00,-0.00,-0.000000,PyJHora 4.8.7; Raman; wheel D8D8014573A38DDEFEDCAE57D3B8D84687CAC2AD31BB5B1DD70D945906A4D54D
case_103_event_start,JUPITER,MERCURY,45.23,benefic,7.61,7.61,1.902500,PyJHora 4.8.7; Raman; wheel D8D8014573A38DDEFEDCAE57D3B8D84687CAC2AD31BB5B1DD70D945906A4D54D
case_103_event_start,JUPITER,VENUS,74.04,benefic,29.04,29.04,7.260000,PyJHora 4.8.7; Raman; wheel D8D8014573A38DDEFEDCAE57D3B8D84687CAC2AD31BB5B1DD70D945906A4D54D
case_103_event_start,JUPITER,SATURN,85.19,malefic,85.19,-85.19,-21.297500,PyJHora 4.8.7; Raman; wheel D8D8014573A38DDEFEDCAE57D3B8D84687CAC2AD31BB5B1DD70D945906A4D54D
case_103_event_start,VENUS,SUN,315.28,malefic,0.00,-0.00,-0.000000,PyJHora 4.8.7; Raman; wheel D8D8014573A38DDEFEDCAE57D3B8D84687CAC2AD31BB5B1DD70D945906A4D54D
case_103_event_start,VENUS,MOON,101.91,malefic,39.05,-39.05,-9.762500,PyJHora 4.8.7; Raman; wheel D8D8014573A38DDEFEDCAE57D3B8D84687CAC2AD31BB5B1DD70D945906A4D54D
case_103_event_start,VENUS,MARS,237.75,malefic,46.12,-46.12,-11.530000,PyJHora 4.8.7; Raman; wheel D8D8014573A38DDEFEDCAE57D3B8D84687CAC2AD31BB5B1DD70D945906A4D54D
case_103_event_start,VENUS,MERCURY,331.20,benefic,0.00,0.00,0.000000,PyJHora 4.8.7; Raman; wheel D8D8014573A38DDEFEDCAE57D3B8D84687CAC2AD31BB5B1DD70D945906A4D54D
case_103_event_start,VENUS,JUPITER,285.96,benefic,7.02,7.02,1.755000,PyJHora 4.8.7; Raman; wheel D8D8014573A38DDEFEDCAE57D3B8D84687CAC2AD31BB5B1DD70D945906A4D54D
case_103_event_start,VENUS,SATURN,11.16,malefic,0.00,-0.00,-0.000000,PyJHora 4.8.7; Raman; wheel D8D8014573A38DDEFEDCAE57D3B8D84687CAC2AD31BB5B1DD70D945906A4D54D
case_103_event_start,SATURN,SUN,304.13,malefic,0.00,-0.00,-0.000000,PyJHora 4.8.7; Raman; wheel D8D8014573A38DDEFEDCAE57D3B8D84687CAC2AD31BB5B1DD70D945906A4D54D
case_103_event_start,SATURN,MOON,90.75,malefic,44.62,-44.62,-11.155000,PyJHora 4.8.7; Raman; wheel D8D8014573A38DDEFEDCAE57D3B8D84687CAC2AD31BB5B1DD70D945906A4D54D
case_103_event_start,SATURN,MARS,226.59,malefic,51.70,-51.70,-12.925000,PyJHora 4.8.7; Raman; wheel D8D8014573A38DDEFEDCAE57D3B8D84687CAC2AD31BB5B1DD70D945906A4D54D
case_103_event_start,SATURN,MERCURY,320.04,benefic,0.00,0.00,0.000000,PyJHora 4.8.7; Raman; wheel D8D8014573A38DDEFEDCAE57D3B8D84687CAC2AD31BB5B1DD70D945906A4D54D
case_103_event_start,SATURN,JUPITER,274.81,benefic,12.59,12.59,3.147500,PyJHora 4.8.7; Raman; wheel D8D8014573A38DDEFEDCAE57D3B8D84687CAC2AD31BB5B1DD70D945906A4D54D
case_103_event_start,SATURN,VENUS,348.84,benefic,0.00,0.00,0.000000,PyJHora 4.8.7; Raman; wheel D8D8014573A38DDEFEDCAE57D3B8D84687CAC2AD31BB5B1DD70D945906A4D54D
case_127_sr_touch_start,SUN,MOON,338.24,benefic,0.00,0.00,0.000000,PyJHora 4.8.7; Raman; wheel D8D8014573A38DDEFEDCAE57D3B8D84687CAC2AD31BB5B1DD70D945906A4D54D
case_127_sr_touch_start,SUN,MARS,288.29,malefic,5.85,-5.85,-1.462500,PyJHora 4.8.7; Raman; wheel D8D8014573A38DDEFEDCAE57D3B8D84687CAC2AD31BB5B1DD70D945906A4D54D
case_127_sr_touch_start,SUN,MERCURY,1.83,malefic,0.00,-0.00,-0.000000,PyJHora 4.8.7; Raman; wheel D8D8014573A38DDEFEDCAE57D3B8D84687CAC2AD31BB5B1DD70D945906A4D54D
case_127_sr_touch_start,SUN,JUPITER,340.33,benefic,0.00,0.00,0.000000,PyJHora 4.8.7; Raman; wheel D8D8014573A38DDEFEDCAE57D3B8D84687CAC2AD31BB5B1DD70D945906A4D54D
case_127_sr_touch_start,SUN,VENUS,45.81,benefic,7.91,7.91,1.977500,PyJHora 4.8.7; Raman; wheel D8D8014573A38DDEFEDCAE57D3B8D84687CAC2AD31BB5B1DD70D945906A4D54D
case_127_sr_touch_start,SUN,SATURN,67.34,malefic,67.34,-67.34,-16.835000,PyJHora 4.8.7; Raman; wheel D8D8014573A38DDEFEDCAE57D3B8D84687CAC2AD31BB5B1DD70D945906A4D54D
case_127_sr_touch_start,MOON,SUN,21.76,malefic,0.00,-0.00,-0.000000,PyJHora 4.8.7; Raman; wheel D8D8014573A38DDEFEDCAE57D3B8D84687CAC2AD31BB5B1DD70D945906A4D54D
case_127_sr_touch_start,MOON,MARS,310.05,malefic,0.00,-0.00,-0.000000,PyJHora 4.8.7; Raman; wheel D8D8014573A38DDEFEDCAE57D3B8D84687CAC2AD31BB5B1DD70D945906A4D54D
case_127_sr_touch_start,MOON,MERCURY,23.59,malefic,0.00,-0.00,-0.000000,PyJHora 4.8.7; Raman; wheel D8D8014573A38DDEFEDCAE57D3B8D84687CAC2AD31BB5B1DD70D945906A4D54D
case_127_sr_touch_start,MOON,JUPITER,2.09,benefic,0.00,0.00,0.000000,PyJHora 4.8.7; Raman; wheel D8D8014573A38DDEFEDCAE57D3B8D84687CAC2AD31BB5B1DD70D945906A4D54D
case_127_sr_touch_start,MOON,VENUS,67.57,benefic,22.57,22.57,5.642500,PyJHora 4.8.7; Raman; wheel D8D8014573A38DDEFEDCAE57D3B8D84687CAC2AD31BB5B1DD70D945906A4D54D
case_127_sr_touch_start,MOON,SATURN,89.10,malefic,89.10,-89.10,-22.275000,PyJHora 4.8.7; Raman; wheel D8D8014573A38DDEFEDCAE57D3B8D84687CAC2AD31BB5B1DD70D945906A4D54D
case_127_sr_touch_start,MARS,SUN,71.71,malefic,26.71,-26.71,-6.677500,PyJHora 4.8.7; Raman; wheel D8D8014573A38DDEFEDCAE57D3B8D84687CAC2AD31BB5B1DD70D945906A4D54D
case_127_sr_touch_start,MARS,MOON,49.95,benefic,9.98,9.98,2.495000,PyJHora 4.8.7; Raman; wheel D8D8014573A38DDEFEDCAE57D3B8D84687CAC2AD31BB5B1DD70D945906A4D54D
case_127_sr_touch_start,MARS,MERCURY,73.54,malefic,28.54,-28.54,-7.135000,PyJHora 4.8.7; Raman; wheel D8D8014573A38DDEFEDCAE57D3B8D84687CAC2AD31BB5B1DD70D945906A4D54D
case_127_sr_touch_start,MARS,JUPITER,52.04,benefic,11.02,11.02,2.755000,PyJHora 4.8.7; Raman; wheel D8D8014573A38DDEFEDCAE57D3B8D84687CAC2AD31BB5B1DD70D945906A4D54D
case_127_sr_touch_start,MARS,VENUS,117.52,benefic,31.24,31.24,7.810000,PyJHora 4.8.7; Raman; wheel D8D8014573A38DDEFEDCAE57D3B8D84687CAC2AD31BB5B1DD70D945906A4D54D
case_127_sr_touch_start,MARS,SATURN,139.05,malefic,10.95,-10.95,-2.737500,PyJHora 4.8.7; Raman; wheel D8D8014573A38DDEFEDCAE57D3B8D84687CAC2AD31BB5B1DD70D945906A4D54D
case_127_sr_touch_start,MERCURY,SUN,358.17,malefic,0.00,-0.00,-0.000000,PyJHora 4.8.7; Raman; wheel D8D8014573A38DDEFEDCAE57D3B8D84687CAC2AD31BB5B1DD70D945906A4D54D
case_127_sr_touch_start,MERCURY,MOON,336.41,benefic,0.00,0.00,0.000000,PyJHora 4.8.7; Raman; wheel D8D8014573A38DDEFEDCAE57D3B8D84687CAC2AD31BB5B1DD70D945906A4D54D
case_127_sr_touch_start,MERCURY,MARS,286.46,malefic,6.77,-6.77,-1.692500,PyJHora 4.8.7; Raman; wheel D8D8014573A38DDEFEDCAE57D3B8D84687CAC2AD31BB5B1DD70D945906A4D54D
case_127_sr_touch_start,MERCURY,JUPITER,338.50,benefic,0.00,0.00,0.000000,PyJHora 4.8.7; Raman; wheel D8D8014573A38DDEFEDCAE57D3B8D84687CAC2AD31BB5B1DD70D945906A4D54D
case_127_sr_touch_start,MERCURY,VENUS,43.98,benefic,6.99,6.99,1.747500,PyJHora 4.8.7; Raman; wheel D8D8014573A38DDEFEDCAE57D3B8D84687CAC2AD31BB5B1DD70D945906A4D54D
case_127_sr_touch_start,MERCURY,SATURN,65.51,malefic,65.51,-65.51,-16.377500,PyJHora 4.8.7; Raman; wheel D8D8014573A38DDEFEDCAE57D3B8D84687CAC2AD31BB5B1DD70D945906A4D54D
case_127_sr_touch_start,JUPITER,SUN,19.67,malefic,0.00,-0.00,-0.000000,PyJHora 4.8.7; Raman; wheel D8D8014573A38DDEFEDCAE57D3B8D84687CAC2AD31BB5B1DD70D945906A4D54D
case_127_sr_touch_start,JUPITER,MOON,357.91,benefic,0.00,0.00,0.000000,PyJHora 4.8.7; Raman; wheel D8D8014573A38DDEFEDCAE57D3B8D84687CAC2AD31BB5B1DD70D945906A4D54D
case_127_sr_touch_start,JUPITER,MARS,307.96,malefic,0.00,-0.00,-0.000000,PyJHora 4.8.7; Raman; wheel D8D8014573A38DDEFEDCAE57D3B8D84687CAC2AD31BB5B1DD70D945906A4D54D
case_127_sr_touch_start,JUPITER,MERCURY,21.50,malefic,0.00,-0.00,-0.000000,PyJHora 4.8.7; Raman; wheel D8D8014573A38DDEFEDCAE57D3B8D84687CAC2AD31BB5B1DD70D945906A4D54D
case_127_sr_touch_start,JUPITER,VENUS,65.48,benefic,20.48,20.48,5.120000,PyJHora 4.8.7; Raman; wheel D8D8014573A38DDEFEDCAE57D3B8D84687CAC2AD31BB5B1DD70D945906A4D54D
case_127_sr_touch_start,JUPITER,SATURN,87.01,malefic,87.01,-87.01,-21.752500,PyJHora 4.8.7; Raman; wheel D8D8014573A38DDEFEDCAE57D3B8D84687CAC2AD31BB5B1DD70D945906A4D54D
case_127_sr_touch_start,VENUS,SUN,314.19,malefic,0.00,-0.00,-0.000000,PyJHora 4.8.7; Raman; wheel D8D8014573A38DDEFEDCAE57D3B8D84687CAC2AD31BB5B1DD70D945906A4D54D
case_127_sr_touch_start,VENUS,MOON,292.43,benefic,3.78,3.78,0.945000,PyJHora 4.8.7; Raman; wheel D8D8014573A38DDEFEDCAE57D3B8D84687CAC2AD31BB5B1DD70D945906A4D54D
case_127_sr_touch_start,VENUS,MARS,242.48,malefic,28.76,-28.76,-7.190000,PyJHora 4.8.7; Raman; wheel D8D8014573A38DDEFEDCAE57D3B8D84687CAC2AD31BB5B1DD70D945906A4D54D
case_127_sr_touch_start,VENUS,MERCURY,316.02,malefic,0.00,-0.00,-0.000000,PyJHora 4.8.7; Raman; wheel D8D8014573A38DDEFEDCAE57D3B8D84687CAC2AD31BB5B1DD70D945906A4D54D
case_127_sr_touch_start,VENUS,JUPITER,294.52,benefic,2.74,2.74,0.685000,PyJHora 4.8.7; Raman; wheel D8D8014573A38DDEFEDCAE57D3B8D84687CAC2AD31BB5B1DD70D945906A4D54D
case_127_sr_touch_start,VENUS,SATURN,21.53,malefic,0.00,-0.00,-0.000000,PyJHora 4.8.7; Raman; wheel D8D8014573A38DDEFEDCAE57D3B8D84687CAC2AD31BB5B1DD70D945906A4D54D
case_127_sr_touch_start,SATURN,SUN,292.66,malefic,3.67,-3.67,-0.917500,PyJHora 4.8.7; Raman; wheel D8D8014573A38DDEFEDCAE57D3B8D84687CAC2AD31BB5B1DD70D945906A4D54D
case_127_sr_touch_start,SATURN,MOON,270.90,benefic,14.55,14.55,3.637500,PyJHora 4.8.7; Raman; wheel D8D8014573A38DDEFEDCAE57D3B8D84687CAC2AD31BB5B1DD70D945906A4D54D
case_127_sr_touch_start,SATURN,MARS,220.95,malefic,54.53,-54.53,-13.632500,PyJHora 4.8.7; Raman; wheel D8D8014573A38DDEFEDCAE57D3B8D84687CAC2AD31BB5B1DD70D945906A4D54D
case_127_sr_touch_start,SATURN,MERCURY,294.49,malefic,2.75,-2.75,-0.687500,PyJHora 4.8.7; Raman; wheel D8D8014573A38DDEFEDCAE57D3B8D84687CAC2AD31BB5B1DD70D945906A4D54D
case_127_sr_touch_start,SATURN,JUPITER,272.99,benefic,13.50,13.50,3.375000,PyJHora 4.8.7; Raman; wheel D8D8014573A38DDEFEDCAE57D3B8D84687CAC2AD31BB5B1DD70D945906A4D54D
case_127_sr_touch_start,SATURN,VENUS,338.47,benefic,0.00,0.00,0.000000,PyJHora 4.8.7; Raman; wheel D8D8014573A38DDEFEDCAE57D3B8D84687CAC2AD31BB5B1DD70D945906A4D54D
gann_reference_tokyo,SUN,MOON,240.19,benefic,29.91,29.91,7.477500,PyJHora 4.8.7; Raman; wheel D8D8014573A38DDEFEDCAE57D3B8D84687CAC2AD31BB5B1DD70D945906A4D54D
gann_reference_tokyo,SUN,MARS,327.27,malefic,0.00,-0.00,-0.000000,PyJHora 4.8.7; Raman; wheel D8D8014573A38DDEFEDCAE57D3B8D84687CAC2AD31BB5B1DD70D945906A4D54D
gann_reference_tokyo,SUN,MERCURY,351.12,malefic,0.00,-0.00,-0.000000,PyJHora 4.8.7; Raman; wheel D8D8014573A38DDEFEDCAE57D3B8D84687CAC2AD31BB5B1DD70D945906A4D54D
gann_reference_tokyo,SUN,JUPITER,51.28,benefic,10.64,10.64,2.660000,PyJHora 4.8.7; Raman; wheel D8D8014573A38DDEFEDCAE57D3B8D84687CAC2AD31BB5B1DD70D945906A4D54D
gann_reference_tokyo,SUN,VENUS,313.60,benefic,0.00,0.00,0.000000,PyJHora 4.8.7; Raman; wheel D8D8014573A38DDEFEDCAE57D3B8D84687CAC2AD31BB5B1DD70D945906A4D54D
gann_reference_tokyo,SUN,SATURN,185.65,malefic,57.17,-57.17,-14.292500,PyJHora 4.8.7; Raman; wheel D8D8014573A38DDEFEDCAE57D3B8D84687CAC2AD31BB5B1DD70D945906A4D54D
gann_reference_tokyo,MOON,SUN,119.81,malefic,30.09,-30.09,-7.522500,PyJHora 4.8.7; Raman; wheel D8D8014573A38DDEFEDCAE57D3B8D84687CAC2AD31BB5B1DD70D945906A4D54D
gann_reference_tokyo,MOON,MARS,87.08,malefic,42.08,-42.08,-10.520000,PyJHora 4.8.7; Raman; wheel D8D8014573A38DDEFEDCAE57D3B8D84687CAC2AD31BB5B1DD70D945906A4D54D
gann_reference_tokyo,MOON,MERCURY,110.93,malefic,34.53,-34.53,-8.632500,PyJHora 4.8.7; Raman; wheel D8D8014573A38DDEFEDCAE57D3B8D84687CAC2AD31BB5B1DD70D945906A4D54D
gann_reference_tokyo,MOON,JUPITER,171.09,benefic,42.18,42.18,10.545000,PyJHora 4.8.7; Raman; wheel D8D8014573A38DDEFEDCAE57D3B8D84687CAC2AD31BB5B1DD70D945906A4D54D
gann_reference_tokyo,MOON,VENUS,73.41,benefic,28.41,28.41,7.102500,PyJHora 4.8.7; Raman; wheel D8D8014573A38DDEFEDCAE57D3B8D84687CAC2AD31BB5B1DD70D945906A4D54D
gann_reference_tokyo,MOON,SATURN,305.45,malefic,0.00,-0.00,-0.000000,PyJHora 4.8.7; Raman; wheel D8D8014573A38DDEFEDCAE57D3B8D84687CAC2AD31BB5B1DD70D945906A4D54D
gann_reference_tokyo,MARS,SUN,32.73,malefic,1.36,-1.36,-0.340000,PyJHora 4.8.7; Raman; wheel D8D8014573A38DDEFEDCAE57D3B8D84687CAC2AD31BB5B1DD70D945906A4D54D
gann_reference_tokyo,MARS,MOON,272.92,benefic,13.54,13.54,3.385000,PyJHora 4.8.7; Raman; wheel D8D8014573A38DDEFEDCAE57D3B8D84687CAC2AD31BB5B1DD70D945906A4D54D
gann_reference_tokyo,MARS,MERCURY,23.85,malefic,0.00,-0.00,-0.000000,PyJHora 4.8.7; Raman; wheel D8D8014573A38DDEFEDCAE57D3B8D84687CAC2AD31BB5B1DD70D945906A4D54D
gann_reference_tokyo,MARS,JUPITER,84.00,benefic,39.00,39.00,9.750000,PyJHora 4.8.7; Raman; wheel D8D8014573A38DDEFEDCAE57D3B8D84687CAC2AD31BB5B1DD70D945906A4D54D
gann_reference_tokyo,MARS,VENUS,346.32,benefic,0.00,0.00,0.000000,PyJHora 4.8.7; Raman; wheel D8D8014573A38DDEFEDCAE57D3B8D84687CAC2AD31BB5B1DD70D945906A4D54D
gann_reference_tokyo,MARS,SATURN,218.37,malefic,40.81,-40.81,-10.202500,PyJHora 4.8.7; Raman; wheel D8D8014573A38DDEFEDCAE57D3B8D84687CAC2AD31BB5B1DD70D945906A4D54D
gann_reference_tokyo,MERCURY,SUN,8.88,malefic,0.00,-0.00,-0.000000,PyJHora 4.8.7; Raman; wheel D8D8014573A38DDEFEDCAE57D3B8D84687CAC2AD31BB5B1DD70D945906A4D54D
gann_reference_tokyo,MERCURY,MOON,249.07,benefic,25.47,25.47,6.367500,PyJHora 4.8.7; Raman; wheel D8D8014573A38DDEFEDCAE57D3B8D84687CAC2AD31BB5B1DD70D945906A4D54D
gann_reference_tokyo,MERCURY,MARS,336.15,malefic,0.00,-0.00,-0.000000,PyJHora 4.8.7; Raman; wheel D8D8014573A38DDEFEDCAE57D3B8D84687CAC2AD31BB5B1DD70D945906A4D54D
gann_reference_tokyo,MERCURY,JUPITER,60.15,benefic,15.15,15.15,3.787500,PyJHora 4.8.7; Raman; wheel D8D8014573A38DDEFEDCAE57D3B8D84687CAC2AD31BB5B1DD70D945906A4D54D
gann_reference_tokyo,MERCURY,VENUS,322.47,benefic,0.00,0.00,0.000000,PyJHora 4.8.7; Raman; wheel D8D8014573A38DDEFEDCAE57D3B8D84687CAC2AD31BB5B1DD70D945906A4D54D
gann_reference_tokyo,MERCURY,SATURN,194.52,malefic,52.74,-52.74,-13.185000,PyJHora 4.8.7; Raman; wheel D8D8014573A38DDEFEDCAE57D3B8D84687CAC2AD31BB5B1DD70D945906A4D54D
gann_reference_tokyo,JUPITER,SUN,308.72,malefic,0.00,-0.00,-0.000000,PyJHora 4.8.7; Raman; wheel D8D8014573A38DDEFEDCAE57D3B8D84687CAC2AD31BB5B1DD70D945906A4D54D
gann_reference_tokyo,JUPITER,MOON,188.91,benefic,55.55,55.55,13.887500,PyJHora 4.8.7; Raman; wheel D8D8014573A38DDEFEDCAE57D3B8D84687CAC2AD31BB5B1DD70D945906A4D54D
gann_reference_tokyo,JUPITER,MARS,276.00,malefic,12.00,-12.00,-3.000000,PyJHora 4.8.7; Raman; wheel D8D8014573A38DDEFEDCAE57D3B8D84687CAC2AD31BB5B1DD70D945906A4D54D
gann_reference_tokyo,JUPITER,MERCURY,299.85,malefic,0.07,-0.07,-0.017500,PyJHora 4.8.7; Raman; wheel D8D8014573A38DDEFEDCAE57D3B8D84687CAC2AD31BB5B1DD70D945906A4D54D
gann_reference_tokyo,JUPITER,VENUS,262.32,benefic,18.84,18.84,4.710000,PyJHora 4.8.7; Raman; wheel D8D8014573A38DDEFEDCAE57D3B8D84687CAC2AD31BB5B1DD70D945906A4D54D
gann_reference_tokyo,JUPITER,SATURN,134.37,malefic,15.63,-15.63,-3.907500,PyJHora 4.8.7; Raman; wheel D8D8014573A38DDEFEDCAE57D3B8D84687CAC2AD31BB5B1DD70D945906A4D54D
gann_reference_tokyo,VENUS,SUN,46.40,malefic,8.20,-8.20,-2.050000,PyJHora 4.8.7; Raman; wheel D8D8014573A38DDEFEDCAE57D3B8D84687CAC2AD31BB5B1DD70D945906A4D54D
gann_reference_tokyo,VENUS,MOON,286.59,benefic,6.71,6.71,1.677500,PyJHora 4.8.7; Raman; wheel D8D8014573A38DDEFEDCAE57D3B8D84687CAC2AD31BB5B1DD70D945906A4D54D
gann_reference_tokyo,VENUS,MARS,13.68,malefic,0.00,-0.00,-0.000000,PyJHora 4.8.7; Raman; wheel D8D8014573A38DDEFEDCAE57D3B8D84687CAC2AD31BB5B1DD70D945906A4D54D
gann_reference_tokyo,VENUS,MERCURY,37.53,malefic,3.77,-3.77,-0.942500,PyJHora 4.8.7; Raman; wheel D8D8014573A38DDEFEDCAE57D3B8D84687CAC2AD31BB5B1DD70D945906A4D54D
gann_reference_tokyo,VENUS,JUPITER,97.68,benefic,41.16,41.16,10.290000,PyJHora 4.8.7; Raman; wheel D8D8014573A38DDEFEDCAE57D3B8D84687CAC2AD31BB5B1DD70D945906A4D54D
gann_reference_tokyo,VENUS,SATURN,232.05,malefic,33.97,-33.97,-8.492500,PyJHora 4.8.7; Raman; wheel D8D8014573A38DDEFEDCAE57D3B8D84687CAC2AD31BB5B1DD70D945906A4D54D
gann_reference_tokyo,SATURN,SUN,174.35,malefic,48.70,-48.70,-12.175000,PyJHora 4.8.7; Raman; wheel D8D8014573A38DDEFEDCAE57D3B8D84687CAC2AD31BB5B1DD70D945906A4D54D
gann_reference_tokyo,SATURN,MOON,54.55,benefic,12.27,12.27,3.067500,PyJHora 4.8.7; Raman; wheel D8D8014573A38DDEFEDCAE57D3B8D84687CAC2AD31BB5B1DD70D945906A4D54D
gann_reference_tokyo,SATURN,MARS,141.63,malefic,8.37,-8.37,-2.092500,PyJHora 4.8.7; Raman; wheel D8D8014573A38DDEFEDCAE57D3B8D84687CAC2AD31BB5B1DD70D945906A4D54D
gann_reference_tokyo,SATURN,MERCURY,165.48,malefic,30.96,-30.96,-7.740000,PyJHora 4.8.7; Raman; wheel D8D8014573A38DDEFEDCAE57D3B8D84687CAC2AD31BB5B1DD70D945906A4D54D
gann_reference_tokyo,SATURN,JUPITER,225.63,benefic,37.19,37.19,9.297500,PyJHora 4.8.7; Raman; wheel D8D8014573A38DDEFEDCAE57D3B8D84687CAC2AD31BB5B1DD70D945906A4D54D
gann_reference_tokyo,SATURN,VENUS,127.95,benefic,22.05,22.05,5.512500,PyJHora 4.8.7; Raman; wheel D8D8014573A38DDEFEDCAE57D3B8D84687CAC2AD31BB5B1DD70D945906A4D54D
