contract,sample_id,planet,sthana_subcomponent,jhora_value_virupa,tolerance_virupa,jhora_evidence_path,jhora_evidence_sha256,source_profile_id,source_value_virupa,source_signed_delta_virupa,source_absolute_delta_virupa,source_pass_fail,pyjhora_profile_id,pyjhora_value_virupa,pyjhora_signed_delta_virupa,pyjhora_absolute_delta_virupa,pyjhora_pass_fail,jhora_visible_profile_id,jhora_visible_value_virupa,jhora_visible_signed_delta_virupa,jhora_visible_absolute_delta_virupa,jhora_visible_pass_fail,nearest_profile
GANN_JHORA_STHANA_SUBCOMPONENT_COMPARATOR_V1,case_103_event_start,JUPITER,drekkana,15.000000000,0.500000000,D:\PycharmProjects\status\evidence\jhora_sthana_subcomponents_20260729\case_103_event_start_visible_sthana_subcomponents.jpg,6921C45C2927D9DB53E7E6F3D06533907ED9E8B90A43EE8C3997FABB180196EF,bphs_ch27_source,15.000000000,0.000000000,0.000000000,pass,pyjhora_4_8_7_compatibility,15.000000000,0.000000000,0.000000000,pass,jhora_8_visible_compatibility,15.000000000,0.000000000,0.000000000,pass,tie
GANN_JHORA_STHANA_SUBCOMPONENT_COMPARATOR_V1,case_103_event_start,JUPITER,kendradi,60.000000000,0.500000000,D:\PycharmProjects\status\evidence\jhora_sthana_subcomponents_20260729\case_103_event_start_visible_sthana_subcomponents.jpg,6921C45C2927D9DB53E7E6F3D06533907ED9E8B90A43EE8C3997FABB180196EF,bphs_ch27_source,60.000000000,0.000000000,0.000000000,pass,pyjhora_4_8_7_compatibility,60.000000000,0.000000000,0.000000000,pass,jhora_8_visible_compatibility,60.000000000,0.000000000,0.000000000,pass,tie
GANN_JHORA_STHANA_SUBCOMPONENT_COMPARATOR_V1,case_103_event_start,JUPITER,ojayugma,30.000000000,0.500000000,D:\PycharmProjects\status\evidence\jhora_sthana_subcomponents_20260729\case_103_event_start_visible_sthana_subcomponents.jpg,6921C45C2927D9DB53E7E6F3D06533907ED9E8B90A43EE8C3997FABB180196EF,bphs_ch27_source,30.000000000,0.000000000,0.000000000,pass,pyjhora_4_8_7_compatibility,30.000000000,0.000000000,0.000000000,pass,jhora_8_visible_compatibility,30.000000000,0.000000000,0.000000000,pass,tie
GANN_JHORA_STHANA_SUBCOMPONENT_COMPARATOR_V1,case_103_event_start,JUPITER,saptavargaja,82.500000000,0.500000000,D:\PycharmProjects\status\evidence\jhora_sthana_subcomponents_20260729\case_103_event_start_visible_sthana_subcomponents.jpg,6921C45C2927D9DB53E7E6F3D06533907ED9E8B90A43EE8C3997FABB180196EF,bphs_ch27_source,90.000000000,7.500000000,7.500000000,fail,pyjhora_4_8_7_compatibility,82.500000000,0.000000000,0.000000000,pass,jhora_8_visible_compatibility,82.500000000,0.000000000,0.000000000,pass,tie
GANN_JHORA_STHANA_SUBCOMPONENT_COMPARATOR_V1,case_103_event_start,JUPITER,uchcha,48.890000000,0.500000000,D:\PycharmProjects\status\evidence\jhora_sthana_subcomponents_20260729\case_103_event_start_visible_sthana_subcomponents.jpg,6921C45C2927D9DB53E7E6F3D06533907ED9E8B90A43EE8C3997FABB180196EF,bphs_ch27_source,48.886357357,-0.003642643,0.003642643,pass,pyjhora_4_8_7_compatibility,48.886357357,-0.003642643,0.003642643,pass,jhora_8_visible_compatibility,48.886357357,-0.003642643,0.003642643,pass,tie
GANN_JHORA_STHANA_SUBCOMPONENT_COMPARATOR_V1,case_103_event_start,MARS,drekkana,0.000000000,0.500000000,D:\PycharmProjects\status\evidence\jhora_sthana_subcomponents_20260729\case_103_event_start_visible_sthana_subcomponents.jpg,6921C45C2927D9DB53E7E6F3D06533907ED9E8B90A43EE8C3997FABB180196EF,bphs_ch27_source,0.000000000,0.000000000,0.000000000,pass,pyjhora_4_8_7_compatibility,0.000000000,0.000000000,0.000000000,pass,jhora_8_visible_compatibility,0.000000000,0.000000000,0.000000000,pass,tie
GANN_JHORA_STHANA_SUBCOMPONENT_COMPARATOR_V1,case_103_event_start,MARS,kendradi,30.000000000,0.500000000,D:\PycharmProjects\status\evidence\jhora_sthana_subcomponents_20260729\case_103_event_start_visible_sthana_subcomponents.jpg,6921C45C2927D9DB53E7E6F3D06533907ED9E8B90A43EE8C3997FABB180196EF,bphs_ch27_source,30.000000000,0.000000000,0.000000000,pass,pyjhora_4_8_7_compatibility,30.000000000,0.000000000,0.000000000,pass,jhora_8_visible_compatibility,30.000000000,0.000000000,0.000000000,pass,tie
GANN_JHORA_STHANA_SUBCOMPONENT_COMPARATOR_V1,case_103_event_start,MARS,ojayugma,15.000000000,0.500000000,D:\PycharmProjects\status\evidence\jhora_sthana_subcomponents_20260729\case_103_event_start_visible_sthana_subcomponents.jpg,6921C45C2927D9DB53E7E6F3D06533907ED9E8B90A43EE8C3997FABB180196EF,bphs_ch27_source,15.000000000,0.000000000,0.000000000,pass,pyjhora_4_8_7_compatibility,15.000000000,0.000000000,0.000000000,pass,jhora_8_visible_compatibility,15.000000000,0.000000000,0.000000000,pass,tie
GANN_JHORA_STHANA_SUBCOMPONENT_COMPARATOR_V1,case_103_event_start,MARS,saptavargaja,112.500000000,0.500000000,D:\PycharmProjects\status\evidence\jhora_sthana_subcomponents_20260729\case_103_event_start_visible_sthana_subcomponents.jpg,6921C45C2927D9DB53E7E6F3D06533907ED9E8B90A43EE8C3997FABB180196EF,bphs_ch27_source,108.000000000,-4.500000000,4.500000000,fail,pyjhora_4_8_7_compatibility,112.500000000,0.000000000,0.000000000,pass,jhora_8_visible_compatibility,112.500000000,0.000000000,0.000000000,pass,tie
GANN_JHORA_STHANA_SUBCOMPONENT_COMPARATOR_V1,case_103_event_start,MARS,uchcha,2.710000000,0.500000000,D:\PycharmProjects\status\evidence\jhora_sthana_subcomponents_20260729\case_103_event_start_visible_sthana_subcomponents.jpg,6921C45C2927D9DB53E7E6F3D06533907ED9E8B90A43EE8C3997FABB180196EF,bphs_ch27_source,2.706209915,-0.003790085,0.003790085,pass,pyjhora_4_8_7_compatibility,2.706209915,-0.003790085,0.003790085,pass,jhora_8_visible_compatibility,2.706209915,-0.003790085,0.003790085,pass,tie
GANN_JHORA_STHANA_SUBCOMPONENT_COMPARATOR_V1,case_103_event_start,MERCURY,drekkana,15.000000000,0.500000000,D:\PycharmProjects\status\evidence\jhora_sthana_subcomponents_20260729\case_103_event_start_visible_sthana_subcomponents.jpg,6921C45C2927D9DB53E7E6F3D06533907ED9E8B90A43EE8C3997FABB180196EF,bphs_ch27_source,15.000000000,0.000000000,0.000000000,pass,pyjhora_4_8_7_compatibility,15.000000000,0.000000000,0.000000000,pass,jhora_8_visible_compatibility,15.000000000,0.000000000,0.000000000,pass,tie
GANN_JHORA_STHANA_SUBCOMPONENT_COMPARATOR_V1,case_103_event_start,MERCURY,kendradi,30.000000000,0.500000000,D:\PycharmProjects\status\evidence\jhora_sthana_subcomponents_20260729\case_103_event_start_visible_sthana_subcomponents.jpg,6921C45C2927D9DB53E7E6F3D06533907ED9E8B90A43EE8C3997FABB180196EF,bphs_ch27_source,30.000000000,0.000000000,0.000000000,pass,pyjhora_4_8_7_compatibility,30.000000000,0.000000000,0.000000000,pass,jhora_8_visible_compatibility,30.000000000,0.000000000,0.000000000,pass,tie
GANN_JHORA_STHANA_SUBCOMPONENT_COMPARATOR_V1,case_103_event_start,MERCURY,ojayugma,30.000000000,0.500000000,D:\PycharmProjects\status\evidence\jhora_sthana_subcomponents_20260729\case_103_event_start_visible_sthana_subcomponents.jpg,6921C45C2927D9DB53E7E6F3D06533907ED9E8B90A43EE8C3997FABB180196EF,bphs_ch27_source,30.000000000,0.000000000,0.000000000,pass,pyjhora_4_8_7_compatibility,30.000000000,0.000000000,0.000000000,pass,jhora_8_visible_compatibility,30.000000000,0.000000000,0.000000000,pass,tie
GANN_JHORA_STHANA_SUBCOMPONENT_COMPARATOR_V1,case_103_event_start,MERCURY,saptavargaja,101.250000000,0.500000000,D:\PycharmProjects\status\evidence\jhora_sthana_subcomponents_20260729\case_103_event_start_visible_sthana_subcomponents.jpg,6921C45C2927D9DB53E7E6F3D06533907ED9E8B90A43EE8C3997FABB180196EF,bphs_ch27_source,94.000000000,-7.250000000,7.250000000,fail,pyjhora_4_8_7_compatibility,101.250000000,0.000000000,0.000000000,pass,jhora_8_visible_compatibility,101.250000000,0.000000000,0.000000000,pass,tie
GANN_JHORA_STHANA_SUBCOMPONENT_COMPARATOR_V1,case_103_event_start,MERCURY,uchcha,10.470000000,0.500000000,D:\PycharmProjects\status\evidence\jhora_sthana_subcomponents_20260729\case_103_event_start_visible_sthana_subcomponents.jpg,6921C45C2927D9DB53E7E6F3D06533907ED9E8B90A43EE8C3997FABB180196EF,bphs_ch27_source,10.474014809,0.004014809,0.004014809,pass,pyjhora_4_8_7_compatibility,10.474014809,0.004014809,0.004014809,pass,jhora_8_visible_compatibility,10.474014809,0.004014809,0.004014809,pass,tie
GANN_JHORA_STHANA_SUBCOMPONENT_COMPARATOR_V1,case_103_event_start,MOON,drekkana,0.000000000,0.500000000,D:\PycharmProjects\status\evidence\jhora_sthana_subcomponents_20260729\case_103_event_start_visible_sthana_subcomponents.jpg,6921C45C2927D9DB53E7E6F3D06533907ED9E8B90A43EE8C3997FABB180196EF,bphs_ch27_source,0.000000000,0.000000000,0.000000000,pass,pyjhora_4_8_7_compatibility,0.000000000,0.000000000,0.000000000,pass,jhora_8_visible_compatibility,0.000000000,0.000000000,0.000000000,pass,tie
GANN_JHORA_STHANA_SUBCOMPONENT_COMPARATOR_V1,case_103_event_start,MOON,kendradi,60.000000000,0.500000000,D:\PycharmProjects\status\evidence\jhora_sthana_subcomponents_20260729\case_103_event_start_visible_sthana_subcomponents.jpg,6921C45C2927D9DB53E7E6F3D06533907ED9E8B90A43EE8C3997FABB180196EF,bphs_ch27_source,60.000000000,0.000000000,0.000000000,pass,pyjhora_4_8_7_compatibility,60.000000000,0.000000000,0.000000000,pass,jhora_8_visible_compatibility,60.000000000,0.000000000,0.000000000,pass,tie
GANN_JHORA_STHANA_SUBCOMPONENT_COMPARATOR_V1,case_103_event_start,MOON,ojayugma,15.000000000,0.500000000,D:\PycharmProjects\status\evidence\jhora_sthana_subcomponents_20260729\case_103_event_start_visible_sthana_subcomponents.jpg,6921C45C2927D9DB53E7E6F3D06533907ED9E8B90A43EE8C3997FABB180196EF,bphs_ch27_source,15.000000000,0.000000000,0.000000000,pass,pyjhora_4_8_7_compatibility,15.000000000,0.000000000,0.000000000,pass,jhora_8_visible_compatibility,15.000000000,0.000000000,0.000000000,pass,tie
GANN_JHORA_STHANA_SUBCOMPONENT_COMPARATOR_V1,case_103_event_start,MOON,saptavargaja,75.000000000,0.500000000,D:\PycharmProjects\status\evidence\jhora_sthana_subcomponents_20260729\case_103_event_start_visible_sthana_subcomponents.jpg,6921C45C2927D9DB53E7E6F3D06533907ED9E8B90A43EE8C3997FABB180196EF,bphs_ch27_source,78.000000000,3.000000000,3.000000000,fail,pyjhora_4_8_7_compatibility,75.000000000,0.000000000,0.000000000,pass,jhora_8_visible_compatibility,75.000000000,0.000000000,0.000000000,pass,tie
GANN_JHORA_STHANA_SUBCOMPONENT_COMPARATOR_V1,case_103_event_start,MOON,uchcha,10.910000000,0.500000000,D:\PycharmProjects\status\evidence\jhora_sthana_subcomponents_20260729\case_103_event_start_visible_sthana_subcomponents.jpg,6921C45C2927D9DB53E7E6F3D06533907ED9E8B90A43EE8C3997FABB180196EF,bphs_ch27_source,10.906349851,-0.003650149,0.003650149,pass,pyjhora_4_8_7_compatibility,10.906349851,-0.003650149,0.003650149,pass,jhora_8_visible_compatibility,10.906349851,-0.003650149,0.003650149,pass,tie
GANN_JHORA_STHANA_SUBCOMPONENT_COMPARATOR_V1,case_103_event_start,SATURN,drekkana,0.000000000,0.500000000,D:\PycharmProjects\status\evidence\jhora_sthana_subcomponents_20260729\case_103_event_start_visible_sthana_subcomponents.jpg,6921C45C2927D9DB53E7E6F3D06533907ED9E8B90A43EE8C3997FABB180196EF,bphs_ch27_source,0.000000000,0.000000000,0.000000000,pass,pyjhora_4_8_7_compatibility,0.000000000,0.000000000,0.000000000,pass,jhora_8_visible_compatibility,0.000000000,0.000000000,0.000000000,pass,tie
GANN_JHORA_STHANA_SUBCOMPONENT_COMPARATOR_V1,case_103_event_start,SATURN,kendradi,60.000000000,0.500000000,D:\PycharmProjects\status\evidence\jhora_sthana_subcomponents_20260729\case_103_event_start_visible_sthana_subcomponents.jpg,6921C45C2927D9DB53E7E6F3D06533907ED9E8B90A43EE8C3997FABB180196EF,bphs_ch27_source,60.000000000,0.000000000,0.000000000,pass,pyjhora_4_8_7_compatibility,60.000000000,0.000000000,0.000000000,pass,jhora_8_visible_compatibility,60.000000000,0.000000000,0.000000000,pass,tie
GANN_JHORA_STHANA_SUBCOMPONENT_COMPARATOR_V1,case_103_event_start,SATURN,ojayugma,15.000000000,0.500000000,D:\PycharmProjects\status\evidence\jhora_sthana_subcomponents_20260729\case_103_event_start_visible_sthana_subcomponents.jpg,6921C45C2927D9DB53E7E6F3D06533907ED9E8B90A43EE8C3997FABB180196EF,bphs_ch27_source,15.000000000,0.000000000,0.000000000,pass,pyjhora_4_8_7_compatibility,15.000000000,0.000000000,0.000000000,pass,jhora_8_visible_compatibility,15.000000000,0.000000000,0.000000000,pass,tie
GANN_JHORA_STHANA_SUBCOMPONENT_COMPARATOR_V1,case_103_event_start,SATURN,saptavargaja,82.500000000,0.500000000,D:\PycharmProjects\status\evidence\jhora_sthana_subcomponents_20260729\case_103_event_start_visible_sthana_subcomponents.jpg,6921C45C2927D9DB53E7E6F3D06533907ED9E8B90A43EE8C3997FABB180196EF,bphs_ch27_source,90.000000000,7.500000000,7.500000000,fail,pyjhora_4_8_7_compatibility,82.500000000,0.000000000,0.000000000,pass,jhora_8_visible_compatibility,82.500000000,0.000000000,0.000000000,pass,tie
GANN_JHORA_STHANA_SUBCOMPONENT_COMPARATOR_V1,case_103_event_start,SATURN,uchcha,14.510000000,0.500000000,D:\PycharmProjects\status\evidence\jhora_sthana_subcomponents_20260729\case_103_event_start_visible_sthana_subcomponents.jpg,6921C45C2927D9DB53E7E6F3D06533907ED9E8B90A43EE8C3997FABB180196EF,bphs_ch27_source,14.510302833,0.000302833,0.000302833,pass,pyjhora_4_8_7_compatibility,14.510302833,0.000302833,0.000302833,pass,jhora_8_visible_compatibility,14.510302833,0.000302833,0.000302833,pass,tie
GANN_JHORA_STHANA_SUBCOMPONENT_COMPARATOR_V1,case_103_event_start,SUN,drekkana,15.000000000,0.500000000,D:\PycharmProjects\status\evidence\jhora_sthana_subcomponents_20260729\case_103_event_start_visible_sthana_subcomponents.jpg,6921C45C2927D9DB53E7E6F3D06533907ED9E8B90A43EE8C3997FABB180196EF,bphs_ch27_source,15.000000000,0.000000000,0.000000000,pass,pyjhora_4_8_7_compatibility,15.000000000,0.000000000,0.000000000,pass,jhora_8_visible_compatibility,15.000000000,0.000000000,0.000000000,pass,tie
GANN_JHORA_STHANA_SUBCOMPONENT_COMPARATOR_V1,case_103_event_start,SUN,kendradi,15.000000000,0.500000000,D:\PycharmProjects\status\evidence\jhora_sthana_subcomponents_20260729\case_103_event_start_visible_sthana_subcomponents.jpg,6921C45C2927D9DB53E7E6F3D06533907ED9E8B90A43EE8C3997FABB180196EF,bphs_ch27_source,15.000000000,0.000000000,0.000000000,pass,pyjhora_4_8_7_compatibility,15.000000000,0.000000000,0.000000000,pass,jhora_8_visible_compatibility,15.000000000,0.000000000,0.000000000,pass,tie
GANN_JHORA_STHANA_SUBCOMPONENT_COMPARATOR_V1,case_103_event_start,SUN,ojayugma,0.000000000,0.500000000,D:\PycharmProjects\status\evidence\jhora_sthana_subcomponents_20260729\case_103_event_start_visible_sthana_subcomponents.jpg,6921C45C2927D9DB53E7E6F3D06533907ED9E8B90A43EE8C3997FABB180196EF,bphs_ch27_source,0.000000000,0.000000000,0.000000000,pass,pyjhora_4_8_7_compatibility,0.000000000,0.000000000,0.000000000,pass,jhora_8_visible_compatibility,0.000000000,0.000000000,0.000000000,pass,tie
GANN_JHORA_STHANA_SUBCOMPONENT_COMPARATOR_V1,case_103_event_start,SUN,saptavargaja,67.500000000,0.500000000,D:\PycharmProjects\status\evidence\jhora_sthana_subcomponents_20260729\case_103_event_start_visible_sthana_subcomponents.jpg,6921C45C2927D9DB53E7E6F3D06533907ED9E8B90A43EE8C3997FABB180196EF,bphs_ch27_source,80.000000000,12.500000000,12.500000000,fail,pyjhora_4_8_7_compatibility,67.500000000,0.000000000,0.000000000,pass,jhora_8_visible_compatibility,67.500000000,0.000000000,0.000000000,pass,tie
GANN_JHORA_STHANA_SUBCOMPONENT_COMPARATOR_V1,case_103_event_start,SUN,uchcha,52.550000000,0.500000000,D:\PycharmProjects\status\evidence\jhora_sthana_subcomponents_20260729\case_103_event_start_visible_sthana_subcomponents.jpg,6921C45C2927D9DB53E7E6F3D06533907ED9E8B90A43EE8C3997FABB180196EF,bphs_ch27_source,52.552577625,0.002577625,0.002577625,pass,pyjhora_4_8_7_compatibility,52.552577625,0.002577625,0.002577625,pass,jhora_8_visible_compatibility,52.552577625,0.002577625,0.002577625,pass,tie
GANN_JHORA_STHANA_SUBCOMPONENT_COMPARATOR_V1,case_103_event_start,VENUS,drekkana,0.000000000,0.500000000,D:\PycharmProjects\status\evidence\jhora_sthana_subcomponents_20260729\case_103_event_start_visible_sthana_subcomponents.jpg,6921C45C2927D9DB53E7E6F3D06533907ED9E8B90A43EE8C3997FABB180196EF,bphs_ch27_source,0.000000000,0.000000000,0.000000000,pass,pyjhora_4_8_7_compatibility,0.000000000,0.000000000,0.000000000,pass,jhora_8_visible_compatibility,0.000000000,0.000000000,0.000000000,pass,tie
GANN_JHORA_STHANA_SUBCOMPONENT_COMPARATOR_V1,case_103_event_start,VENUS,kendradi,60.000000000,0.500000000,D:\PycharmProjects\status\evidence\jhora_sthana_subcomponents_20260729\case_103_event_start_visible_sthana_subcomponents.jpg,6921C45C2927D9DB53E7E6F3D06533907ED9E8B90A43EE8C3997FABB180196EF,bphs_ch27_source,60.000000000,0.000000000,0.000000000,pass,pyjhora_4_8_7_compatibility,60.000000000,0.000000000,0.000000000,pass,jhora_8_visible_compatibility,60.000000000,0.000000000,0.000000000,pass,tie
GANN_JHORA_STHANA_SUBCOMPONENT_COMPARATOR_V1,case_103_event_start,VENUS,ojayugma,15.000000000,0.500000000,D:\PycharmProjects\status\evidence\jhora_sthana_subcomponents_20260729\case_103_event_start_visible_sthana_subcomponents.jpg,6921C45C2927D9DB53E7E6F3D06533907ED9E8B90A43EE8C3997FABB180196EF,bphs_ch27_source,15.000000000,0.000000000,0.000000000,pass,pyjhora_4_8_7_compatibility,15.000000000,0.000000000,0.000000000,pass,jhora_8_visible_compatibility,15.000000000,0.000000000,0.000000000,pass,tie
GANN_JHORA_STHANA_SUBCOMPONENT_COMPARATOR_V1,case_103_event_start,VENUS,saptavargaja,97.500000000,0.500000000,D:\PycharmProjects\status\evidence\jhora_sthana_subcomponents_20260729\case_103_event_start_visible_sthana_subcomponents.jpg,6921C45C2927D9DB53E7E6F3D06533907ED9E8B90A43EE8C3997FABB180196EF,bphs_ch27_source,105.000000000,7.500000000,7.500000000,fail,pyjhora_4_8_7_compatibility,97.500000000,0.000000000,0.000000000,pass,jhora_8_visible_compatibility,97.500000000,0.000000000,0.000000000,pass,tie
GANN_JHORA_STHANA_SUBCOMPONENT_COMPARATOR_V1,case_103_event_start,VENUS,uchcha,56.880000000,0.500000000,D:\PycharmProjects\status\evidence\jhora_sthana_subcomponents_20260729\case_103_event_start_visible_sthana_subcomponents.jpg,6921C45C2927D9DB53E7E6F3D06533907ED9E8B90A43EE8C3997FABB180196EF,bphs_ch27_source,56.876222896,-0.003777104,0.003777104,pass,pyjhora_4_8_7_compatibility,56.876222896,-0.003777104,0.003777104,pass,jhora_8_visible_compatibility,56.876222896,-0.003777104,0.003777104,pass,tie
GANN_JHORA_STHANA_SUBCOMPONENT_COMPARATOR_V1,case_127_sr_touch_start,JUPITER,drekkana,15.000000000,0.500000000,D:\PycharmProjects\status\evidence\jhora_sthana_subcomponents_20260729\case_127_sr_touch_start_visible_sthana_subcomponents.jpg,DDC8EEDBA5A5C7F6EB481B7DF89A4CB2C4C81077CFA8F0CA6A778129E4ADBE8B,bphs_ch27_source,15.000000000,0.000000000,0.000000000,pass,pyjhora_4_8_7_compatibility,15.000000000,0.000000000,0.000000000,pass,jhora_8_visible_compatibility,15.000000000,0.000000000,0.000000000,pass,tie
GANN_JHORA_STHANA_SUBCOMPONENT_COMPARATOR_V1,case_127_sr_touch_start,JUPITER,kendradi,60.000000000,0.500000000,D:\PycharmProjects\status\evidence\jhora_sthana_subcomponents_20260729\case_127_sr_touch_start_visible_sthana_subcomponents.jpg,DDC8EEDBA5A5C7F6EB481B7DF89A4CB2C4C81077CFA8F0CA6A778129E4ADBE8B,bphs_ch27_source,60.000000000,0.000000000,0.000000000,pass,pyjhora_4_8_7_compatibility,60.000000000,0.000000000,0.000000000,pass,jhora_8_visible_compatibility,60.000000000,0.000000000,0.000000000,pass,tie
GANN_JHORA_STHANA_SUBCOMPONENT_COMPARATOR_V1,case_127_sr_touch_start,JUPITER,ojayugma,15.000000000,0.500000000,D:\PycharmProjects\status\evidence\jhora_sthana_subcomponents_20260729\case_127_sr_touch_start_visible_sthana_subcomponents.jpg,DDC8EEDBA5A5C7F6EB481B7DF89A4CB2C4C81077CFA8F0CA6A778129E4ADBE8B,bphs_ch27_source,15.000000000,0.000000000,0.000000000,pass,pyjhora_4_8_7_compatibility,15.000000000,0.000000000,0.000000000,pass,jhora_8_visible_compatibility,15.000000000,0.000000000,0.000000000,pass,tie
GANN_JHORA_STHANA_SUBCOMPONENT_COMPARATOR_V1,case_127_sr_touch_start,JUPITER,saptavargaja,97.500000000,0.500000000,D:\PycharmProjects\status\evidence\jhora_sthana_subcomponents_20260729\case_127_sr_touch_start_visible_sthana_subcomponents.jpg,DDC8EEDBA5A5C7F6EB481B7DF89A4CB2C4C81077CFA8F0CA6A778129E4ADBE8B,bphs_ch27_source,100.000000000,2.500000000,2.500000000,fail,pyjhora_4_8_7_compatibility,97.500000000,0.000000000,0.000000000,pass,jhora_8_visible_compatibility,97.500000000,0.000000000,0.000000000,pass,tie
GANN_JHORA_STHANA_SUBCOMPONENT_COMPARATOR_V1,case_127_sr_touch_start,JUPITER,uchcha,49.830000000,0.500000000,D:\PycharmProjects\status\evidence\jhora_sthana_subcomponents_20260729\case_127_sr_touch_start_visible_sthana_subcomponents.jpg,DDC8EEDBA5A5C7F6EB481B7DF89A4CB2C4C81077CFA8F0CA6A778129E4ADBE8B,bphs_ch27_source,49.831541467,0.001541467,0.001541467,pass,pyjhora_4_8_7_compatibility,49.831541467,0.001541467,0.001541467,pass,jhora_8_visible_compatibility,49.831541467,0.001541467,0.001541467,pass,tie
GANN_JHORA_STHANA_SUBCOMPONENT_COMPARATOR_V1,case_127_sr_touch_start,MARS,drekkana,0.000000000,0.500000000,D:\PycharmProjects\status\evidence\jhora_sthana_subcomponents_20260729\case_127_sr_touch_start_visible_sthana_subcomponents.jpg,DDC8EEDBA5A5C7F6EB481B7DF89A4CB2C4C81077CFA8F0CA6A778129E4ADBE8B,bphs_ch27_source,0.000000000,0.000000000,0.000000000,pass,pyjhora_4_8_7_compatibility,0.000000000,0.000000000,0.000000000,pass,jhora_8_visible_compatibility,0.000000000,0.000000000,0.000000000,pass,tie
GANN_JHORA_STHANA_SUBCOMPONENT_COMPARATOR_V1,case_127_sr_touch_start,MARS,kendradi,30.000000000,0.500000000,D:\PycharmProjects\status\evidence\jhora_sthana_subcomponents_20260729\case_127_sr_touch_start_visible_sthana_subcomponents.jpg,DDC8EEDBA5A5C7F6EB481B7DF89A4CB2C4C81077CFA8F0CA6A778129E4ADBE8B,bphs_ch27_source,30.000000000,0.000000000,0.000000000,pass,pyjhora_4_8_7_compatibility,30.000000000,0.000000000,0.000000000,pass,jhora_8_visible_compatibility,30.000000000,0.000000000,0.000000000,pass,tie
GANN_JHORA_STHANA_SUBCOMPONENT_COMPARATOR_V1,case_127_sr_touch_start,MARS,ojayugma,15.000000000,0.500000000,D:\PycharmProjects\status\evidence\jhora_sthana_subcomponents_20260729\case_127_sr_touch_start_visible_sthana_subcomponents.jpg,DDC8EEDBA5A5C7F6EB481B7DF89A4CB2C4C81077CFA8F0CA6A778129E4ADBE8B,bphs_ch27_source,15.000000000,0.000000000,0.000000000,pass,pyjhora_4_8_7_compatibility,15.000000000,0.000000000,0.000000000,pass,jhora_8_visible_compatibility,15.000000000,0.000000000,0.000000000,pass,tie
GANN_JHORA_STHANA_SUBCOMPONENT_COMPARATOR_V1,case_127_sr_touch_start,MARS,saptavargaja,127.500000000,0.500000000,D:\PycharmProjects\status\evidence\jhora_sthana_subcomponents_20260729\case_127_sr_touch_start_visible_sthana_subcomponents.jpg,DDC8EEDBA5A5C7F6EB481B7DF89A4CB2C4C81077CFA8F0CA6A778129E4ADBE8B,bphs_ch27_source,118.000000000,-9.500000000,9.500000000,fail,pyjhora_4_8_7_compatibility,127.500000000,0.000000000,0.000000000,pass,jhora_8_visible_compatibility,127.500000000,0.000000000,0.000000000,pass,tie
GANN_JHORA_STHANA_SUBCOMPONENT_COMPARATOR_V1,case_127_sr_touch_start,MARS,uchcha,0.490000000,0.500000000,D:\PycharmProjects\status\evidence\jhora_sthana_subcomponents_20260729\case_127_sr_touch_start_visible_sthana_subcomponents.jpg,DDC8EEDBA5A5C7F6EB481B7DF89A4CB2C4C81077CFA8F0CA6A778129E4ADBE8B,bphs_ch27_source,0.487443710,-0.002556290,0.002556290,pass,pyjhora_4_8_7_compatibility,0.487443710,-0.002556290,0.002556290,pass,jhora_8_visible_compatibility,0.487443710,-0.002556290,0.002556290,pass,tie
GANN_JHORA_STHANA_SUBCOMPONENT_COMPARATOR_V1,case_127_sr_touch_start,MERCURY,drekkana,15.000000000,0.500000000,D:\PycharmProjects\status\evidence\jhora_sthana_subcomponents_20260729\case_127_sr_touch_start_visible_sthana_subcomponents.jpg,DDC8EEDBA5A5C7F6EB481B7DF89A4CB2C4C81077CFA8F0CA6A778129E4ADBE8B,bphs_ch27_source,15.000000000,0.000000000,0.000000000,pass,pyjhora_4_8_7_compatibility,15.000000000,0.000000000,0.000000000,pass,jhora_8_visible_compatibility,15.000000000,0.000000000,0.000000000,pass,tie
GANN_JHORA_STHANA_SUBCOMPONENT_COMPARATOR_V1,case_127_sr_touch_start,MERCURY,kendradi,15.000000000,0.500000000,D:\PycharmProjects\status\evidence\jhora_sthana_subcomponents_20260729\case_127_sr_touch_start_visible_sthana_subcomponents.jpg,DDC8EEDBA5A5C7F6EB481B7DF89A4CB2C4C81077CFA8F0CA6A778129E4ADBE8B,bphs_ch27_source,15.000000000,0.000000000,0.000000000,pass,pyjhora_4_8_7_compatibility,15.000000000,0.000000000,0.000000000,pass,jhora_8_visible_compatibility,15.000000000,0.000000000,0.000000000,pass,tie
GANN_JHORA_STHANA_SUBCOMPONENT_COMPARATOR_V1,case_127_sr_touch_start,MERCURY,ojayugma,15.000000000,0.500000000,D:\PycharmProjects\status\evidence\jhora_sthana_subcomponents_20260729\case_127_sr_touch_start_visible_sthana_subcomponents.jpg,DDC8EEDBA5A5C7F6EB481B7DF89A4CB2C4C81077CFA8F0CA6A778129E4ADBE8B,bphs_ch27_source,15.000000000,0.000000000,0.000000000,pass,pyjhora_4_8_7_compatibility,15.000000000,0.000000000,0.000000000,pass,jhora_8_visible_compatibility,15.000000000,0.000000000,0.000000000,pass,tie
GANN_JHORA_STHANA_SUBCOMPONENT_COMPARATOR_V1,case_127_sr_touch_start,MERCURY,saptavargaja,127.500000000,0.500000000,D:\PycharmProjects\status\evidence\jhora_sthana_subcomponents_20260729\case_127_sr_touch_start_visible_sthana_subcomponents.jpg,DDC8EEDBA5A5C7F6EB481B7DF89A4CB2C4C81077CFA8F0CA6A778129E4ADBE8B,bphs_ch27_source,125.000000000,-2.500000000,2.500000000,fail,pyjhora_4_8_7_compatibility,127.500000000,0.000000000,0.000000000,pass,jhora_8_visible_compatibility,127.500000000,0.000000000,0.000000000,pass,tie
GANN_JHORA_STHANA_SUBCOMPONENT_COMPARATOR_V1,case_127_sr_touch_start,MERCURY,uchcha,19.330000000,0.500000000,D:\PycharmProjects\status\evidence\jhora_sthana_subcomponents_20260729\case_127_sr_touch_start_visible_sthana_subcomponents.jpg,DDC8EEDBA5A5C7F6EB481B7DF89A4CB2C4C81077CFA8F0CA6A778129E4ADBE8B,bphs_ch27_source,19.329069118,-0.000930882,0.000930882,pass,pyjhora_4_8_7_compatibility,19.329069118,-0.000930882,0.000930882,pass,jhora_8_visible_compatibility,19.329069118,-0.000930882,0.000930882,pass,tie
GANN_JHORA_STHANA_SUBCOMPONENT_COMPARATOR_V1,case_127_sr_touch_start,MOON,drekkana,0.000000000,0.500000000,D:\PycharmProjects\status\evidence\jhora_sthana_subcomponents_20260729\case_127_sr_touch_start_visible_sthana_subcomponents.jpg,DDC8EEDBA5A5C7F6EB481B7DF89A4CB2C4C81077CFA8F0CA6A778129E4ADBE8B,bphs_ch27_source,0.000000000,0.000000000,0.000000000,pass,pyjhora_4_8_7_compatibility,0.000000000,0.000000000,0.000000000,pass,jhora_8_visible_compatibility,0.000000000,0.000000000,0.000000000,pass,tie
GANN_JHORA_STHANA_SUBCOMPONENT_COMPARATOR_V1,case_127_sr_touch_start,MOON,kendradi,60.000000000,0.500000000,D:\PycharmProjects\status\evidence\jhora_sthana_subcomponents_20260729\case_127_sr_touch_start_visible_sthana_subcomponents.jpg,DDC8EEDBA5A5C7F6EB481B7DF89A4CB2C4C81077CFA8F0CA6A778129E4ADBE8B,bphs_ch27_source,60.000000000,0.000000000,0.000000000,pass,pyjhora_4_8_7_compatibility,60.000000000,0.000000000,0.000000000,pass,jhora_8_visible_compatibility,60.000000000,0.000000000,0.000000000,pass,tie
GANN_JHORA_STHANA_SUBCOMPONENT_COMPARATOR_V1,case_127_sr_touch_start,MOON,ojayugma,15.000000000,0.500000000,D:\PycharmProjects\status\evidence\jhora_sthana_subcomponents_20260729\case_127_sr_touch_start_visible_sthana_subcomponents.jpg,DDC8EEDBA5A5C7F6EB481B7DF89A4CB2C4C81077CFA8F0CA6A778129E4ADBE8B,bphs_ch27_source,15.000000000,0.000000000,0.000000000,pass,pyjhora_4_8_7_compatibility,15.000000000,0.000000000,0.000000000,pass,jhora_8_visible_compatibility,15.000000000,0.000000000,0.000000000,pass,tie
GANN_JHORA_STHANA_SUBCOMPONENT_COMPARATOR_V1,case_127_sr_touch_start,MOON,saptavargaja,150.000000000,0.500000000,D:\PycharmProjects\status\evidence\jhora_sthana_subcomponents_20260729\case_127_sr_touch_start_visible_sthana_subcomponents.jpg,DDC8EEDBA5A5C7F6EB481B7DF89A4CB2C4C81077CFA8F0CA6A778129E4ADBE8B,bphs_ch27_source,140.000000000,-10.000000000,10.000000000,fail,pyjhora_4_8_7_compatibility,150.000000000,0.000000000,0.000000000,pass,jhora_8_visible_compatibility,150.000000000,0.000000000,0.000000000,pass,tie
GANN_JHORA_STHANA_SUBCOMPONENT_COMPARATOR_V1,case_127_sr_touch_start,MOON,uchcha,48.800000000,0.500000000,D:\PycharmProjects\status\evidence\jhora_sthana_subcomponents_20260729\case_127_sr_touch_start_visible_sthana_subcomponents.jpg,DDC8EEDBA5A5C7F6EB481B7DF89A4CB2C4C81077CFA8F0CA6A778129E4ADBE8B,bphs_ch27_source,48.801290172,0.001290172,0.001290172,pass,pyjhora_4_8_7_compatibility,48.801290172,0.001290172,0.001290172,pass,jhora_8_visible_compatibility,48.801290172,0.001290172,0.001290172,pass,tie
GANN_JHORA_STHANA_SUBCOMPONENT_COMPARATOR_V1,case_127_sr_touch_start,SATURN,drekkana,0.000000000,0.500000000,D:\PycharmProjects\status\evidence\jhora_sthana_subcomponents_20260729\case_127_sr_touch_start_visible_sthana_subcomponents.jpg,DDC8EEDBA5A5C7F6EB481B7DF89A4CB2C4C81077CFA8F0CA6A778129E4ADBE8B,bphs_ch27_source,0.000000000,0.000000000,0.000000000,pass,pyjhora_4_8_7_compatibility,0.000000000,0.000000000,0.000000000,pass,jhora_8_visible_compatibility,0.000000000,0.000000000,0.000000000,pass,tie
GANN_JHORA_STHANA_SUBCOMPONENT_COMPARATOR_V1,case_127_sr_touch_start,SATURN,kendradi,60.000000000,0.500000000,D:\PycharmProjects\status\evidence\jhora_sthana_subcomponents_20260729\case_127_sr_touch_start_visible_sthana_subcomponents.jpg,DDC8EEDBA5A5C7F6EB481B7DF89A4CB2C4C81077CFA8F0CA6A778129E4ADBE8B,bphs_ch27_source,60.000000000,0.000000000,0.000000000,pass,pyjhora_4_8_7_compatibility,60.000000000,0.000000000,0.000000000,pass,jhora_8_visible_compatibility,60.000000000,0.000000000,0.000000000,pass,tie
GANN_JHORA_STHANA_SUBCOMPONENT_COMPARATOR_V1,case_127_sr_touch_start,SATURN,ojayugma,0.000000000,0.500000000,D:\PycharmProjects\status\evidence\jhora_sthana_subcomponents_20260729\case_127_sr_touch_start_visible_sthana_subcomponents.jpg,DDC8EEDBA5A5C7F6EB481B7DF89A4CB2C4C81077CFA8F0CA6A778129E4ADBE8B,bphs_ch27_source,0.000000000,0.000000000,0.000000000,pass,pyjhora_4_8_7_compatibility,0.000000000,0.000000000,0.000000000,pass,jhora_8_visible_compatibility,0.000000000,0.000000000,0.000000000,pass,tie
GANN_JHORA_STHANA_SUBCOMPONENT_COMPARATOR_V1,case_127_sr_touch_start,SATURN,saptavargaja,97.500000000,0.500000000,D:\PycharmProjects\status\evidence\jhora_sthana_subcomponents_20260729\case_127_sr_touch_start_visible_sthana_subcomponents.jpg,DDC8EEDBA5A5C7F6EB481B7DF89A4CB2C4C81077CFA8F0CA6A778129E4ADBE8B,bphs_ch27_source,100.000000000,2.500000000,2.500000000,fail,pyjhora_4_8_7_compatibility,97.500000000,0.000000000,0.000000000,pass,jhora_8_visible_compatibility,97.500000000,0.000000000,0.000000000,pass,tie
GANN_JHORA_STHANA_SUBCOMPONENT_COMPARATOR_V1,case_127_sr_touch_start,SATURN,uchcha,14.170000000,0.500000000,D:\PycharmProjects\status\evidence\jhora_sthana_subcomponents_20260729\case_127_sr_touch_start_visible_sthana_subcomponents.jpg,DDC8EEDBA5A5C7F6EB481B7DF89A4CB2C4C81077CFA8F0CA6A778129E4ADBE8B,bphs_ch27_source,14.169004556,-0.000995444,0.000995444,pass,pyjhora_4_8_7_compatibility,14.169004556,-0.000995444,0.000995444,pass,jhora_8_visible_compatibility,14.169004556,-0.000995444,0.000995444,pass,tie
GANN_JHORA_STHANA_SUBCOMPONENT_COMPARATOR_V1,case_127_sr_touch_start,SUN,drekkana,0.000000000,0.500000000,D:\PycharmProjects\status\evidence\jhora_sthana_subcomponents_20260729\case_127_sr_touch_start_visible_sthana_subcomponents.jpg,DDC8EEDBA5A5C7F6EB481B7DF89A4CB2C4C81077CFA8F0CA6A778129E4ADBE8B,bphs_ch27_source,0.000000000,0.000000000,0.000000000,pass,pyjhora_4_8_7_compatibility,0.000000000,0.000000000,0.000000000,pass,jhora_8_visible_compatibility,0.000000000,0.000000000,0.000000000,pass,tie
GANN_JHORA_STHANA_SUBCOMPONENT_COMPARATOR_V1,case_127_sr_touch_start,SUN,kendradi,15.000000000,0.500000000,D:\PycharmProjects\status\evidence\jhora_sthana_subcomponents_20260729\case_127_sr_touch_start_visible_sthana_subcomponents.jpg,DDC8EEDBA5A5C7F6EB481B7DF89A4CB2C4C81077CFA8F0CA6A778129E4ADBE8B,bphs_ch27_source,15.000000000,0.000000000,0.000000000,pass,pyjhora_4_8_7_compatibility,15.000000000,0.000000000,0.000000000,pass,jhora_8_visible_compatibility,15.000000000,0.000000000,0.000000000,pass,tie
GANN_JHORA_STHANA_SUBCOMPONENT_COMPARATOR_V1,case_127_sr_touch_start,SUN,ojayugma,0.000000000,0.500000000,D:\PycharmProjects\status\evidence\jhora_sthana_subcomponents_20260729\case_127_sr_touch_start_visible_sthana_subcomponents.jpg,DDC8EEDBA5A5C7F6EB481B7DF89A4CB2C4C81077CFA8F0CA6A778129E4ADBE8B,bphs_ch27_source,0.000000000,0.000000000,0.000000000,pass,pyjhora_4_8_7_compatibility,0.000000000,0.000000000,0.000000000,pass,jhora_8_visible_compatibility,0.000000000,0.000000000,0.000000000,pass,tie
GANN_JHORA_STHANA_SUBCOMPONENT_COMPARATOR_V1,case_127_sr_touch_start,SUN,saptavargaja,78.750000000,0.500000000,D:\PycharmProjects\status\evidence\jhora_sthana_subcomponents_20260729\case_127_sr_touch_start_visible_sthana_subcomponents.jpg,DDC8EEDBA5A5C7F6EB481B7DF89A4CB2C4C81077CFA8F0CA6A778129E4ADBE8B,bphs_ch27_source,84.000000000,5.250000000,5.250000000,fail,pyjhora_4_8_7_compatibility,78.750000000,0.000000000,0.000000000,pass,jhora_8_visible_compatibility,78.750000000,0.000000000,0.000000000,pass,tie
GANN_JHORA_STHANA_SUBCOMPONENT_COMPARATOR_V1,case_127_sr_touch_start,SUN,uchcha,48.390000000,0.500000000,D:\PycharmProjects\status\evidence\jhora_sthana_subcomponents_20260729\case_127_sr_touch_start_visible_sthana_subcomponents.jpg,DDC8EEDBA5A5C7F6EB481B7DF89A4CB2C4C81077CFA8F0CA6A778129E4ADBE8B,bphs_ch27_source,48.390822375,0.000822375,0.000822375,pass,pyjhora_4_8_7_compatibility,48.390822375,0.000822375,0.000822375,pass,jhora_8_visible_compatibility,48.390822375,0.000822375,0.000822375,pass,tie
GANN_JHORA_STHANA_SUBCOMPONENT_COMPARATOR_V1,case_127_sr_touch_start,VENUS,drekkana,15.000000000,0.500000000,D:\PycharmProjects\status\evidence\jhora_sthana_subcomponents_20260729\case_127_sr_touch_start_visible_sthana_subcomponents.jpg,DDC8EEDBA5A5C7F6EB481B7DF89A4CB2C4C81077CFA8F0CA6A778129E4ADBE8B,bphs_ch27_source,15.000000000,0.000000000,0.000000000,pass,pyjhora_4_8_7_compatibility,15.000000000,0.000000000,0.000000000,pass,jhora_8_visible_compatibility,15.000000000,0.000000000,0.000000000,pass,tie
GANN_JHORA_STHANA_SUBCOMPONENT_COMPARATOR_V1,case_127_sr_touch_start,VENUS,kendradi,60.000000000,0.500000000,D:\PycharmProjects\status\evidence\jhora_sthana_subcomponents_20260729\case_127_sr_touch_start_visible_sthana_subcomponents.jpg,DDC8EEDBA5A5C7F6EB481B7DF89A4CB2C4C81077CFA8F0CA6A778129E4ADBE8B,bphs_ch27_source,60.000000000,0.000000000,0.000000000,pass,pyjhora_4_8_7_compatibility,60.000000000,0.000000000,0.000000000,pass,jhora_8_visible_compatibility,60.000000000,0.000000000,0.000000000,pass,tie
GANN_JHORA_STHANA_SUBCOMPONENT_COMPARATOR_V1,case_127_sr_touch_start,VENUS,ojayugma,30.000000000,0.500000000,D:\PycharmProjects\status\evidence\jhora_sthana_subcomponents_20260729\case_127_sr_touch_start_visible_sthana_subcomponents.jpg,DDC8EEDBA5A5C7F6EB481B7DF89A4CB2C4C81077CFA8F0CA6A778129E4ADBE8B,bphs_ch27_source,30.000000000,0.000000000,0.000000000,pass,pyjhora_4_8_7_compatibility,30.000000000,0.000000000,0.000000000,pass,jhora_8_visible_compatibility,30.000000000,0.000000000,0.000000000,pass,tie
GANN_JHORA_STHANA_SUBCOMPONENT_COMPARATOR_V1,case_127_sr_touch_start,VENUS,saptavargaja,67.500000000,0.500000000,D:\PycharmProjects\status\evidence\jhora_sthana_subcomponents_20260729\case_127_sr_touch_start_visible_sthana_subcomponents.jpg,DDC8EEDBA5A5C7F6EB481B7DF89A4CB2C4C81077CFA8F0CA6A778129E4ADBE8B,bphs_ch27_source,73.000000000,5.500000000,5.500000000,fail,pyjhora_4_8_7_compatibility,67.500000000,0.000000000,0.000000000,pass,jhora_8_visible_compatibility,67.500000000,0.000000000,0.000000000,pass,tie
GANN_JHORA_STHANA_SUBCOMPONENT_COMPARATOR_V1,case_127_sr_touch_start,VENUS,uchcha,59.330000000,0.500000000,D:\PycharmProjects\status\evidence\jhora_sthana_subcomponents_20260729\case_127_sr_touch_start_visible_sthana_subcomponents.jpg,DDC8EEDBA5A5C7F6EB481B7DF89A4CB2C4C81077CFA8F0CA6A778129E4ADBE8B,bphs_ch27_source,59.326324584,-0.003675416,0.003675416,pass,pyjhora_4_8_7_compatibility,59.326324584,-0.003675416,0.003675416,pass,jhora_8_visible_compatibility,59.326324584,-0.003675416,0.003675416,pass,tie
GANN_JHORA_STHANA_SUBCOMPONENT_COMPARATOR_V1,case_43_event_start,JUPITER,drekkana,0.000000000,0.500000000,D:\PycharmProjects\status\evidence\jhora_sthana_subcomponents_20260729\case_43_event_start_visible_sthana_subcomponents.jpg,E1BC02F0A2D50E7400A761B50059BF69C1DED535E999155C4584F3FB36BE7B54,bphs_ch27_source,0.000000000,0.000000000,0.000000000,pass,pyjhora_4_8_7_compatibility,0.000000000,0.000000000,0.000000000,pass,jhora_8_visible_compatibility,0.000000000,0.000000000,0.000000000,pass,tie
GANN_JHORA_STHANA_SUBCOMPONENT_COMPARATOR_V1,case_43_event_start,JUPITER,kendradi,30.000000000,0.500000000,D:\PycharmProjects\status\evidence\jhora_sthana_subcomponents_20260729\case_43_event_start_visible_sthana_subcomponents.jpg,E1BC02F0A2D50E7400A761B50059BF69C1DED535E999155C4584F3FB36BE7B54,bphs_ch27_source,30.000000000,0.000000000,0.000000000,pass,pyjhora_4_8_7_compatibility,30.000000000,0.000000000,0.000000000,pass,jhora_8_visible_compatibility,30.000000000,0.000000000,0.000000000,pass,tie
GANN_JHORA_STHANA_SUBCOMPONENT_COMPARATOR_V1,case_43_event_start,JUPITER,ojayugma,15.000000000,0.500000000,D:\PycharmProjects\status\evidence\jhora_sthana_subcomponents_20260729\case_43_event_start_visible_sthana_subcomponents.jpg,E1BC02F0A2D50E7400A761B50059BF69C1DED535E999155C4584F3FB36BE7B54,bphs_ch27_source,15.000000000,0.000000000,0.000000000,pass,pyjhora_4_8_7_compatibility,15.000000000,0.000000000,0.000000000,pass,jhora_8_visible_compatibility,15.000000000,0.000000000,0.000000000,pass,tie
GANN_JHORA_STHANA_SUBCOMPONENT_COMPARATOR_V1,case_43_event_start,JUPITER,saptavargaja,120.000000000,0.500000000,D:\PycharmProjects\status\evidence\jhora_sthana_subcomponents_20260729\case_43_event_start_visible_sthana_subcomponents.jpg,E1BC02F0A2D50E7400A761B50059BF69C1DED535E999155C4584F3FB36BE7B54,bphs_ch27_source,115.000000000,-5.000000000,5.000000000,fail,pyjhora_4_8_7_compatibility,120.000000000,0.000000000,0.000000000,pass,jhora_8_visible_compatibility,120.000000000,0.000000000,0.000000000,pass,tie
GANN_JHORA_STHANA_SUBCOMPONENT_COMPARATOR_V1,case_43_event_start,JUPITER,uchcha,46.220000000,0.500000000,D:\PycharmProjects\status\evidence\jhora_sthana_subcomponents_20260729\case_43_event_start_visible_sthana_subcomponents.jpg,E1BC02F0A2D50E7400A761B50059BF69C1DED535E999155C4584F3FB36BE7B54,bphs_ch27_source,46.222580251,0.002580251,0.002580251,pass,pyjhora_4_8_7_compatibility,46.222580251,0.002580251,0.002580251,pass,jhora_8_visible_compatibility,46.222580251,0.002580251,0.002580251,pass,tie
GANN_JHORA_STHANA_SUBCOMPONENT_COMPARATOR_V1,case_43_event_start,MARS,drekkana,15.000000000,0.500000000,D:\PycharmProjects\status\evidence\jhora_sthana_subcomponents_20260729\case_43_event_start_visible_sthana_subcomponents.jpg,E1BC02F0A2D50E7400A761B50059BF69C1DED535E999155C4584F3FB36BE7B54,bphs_ch27_source,15.000000000,0.000000000,0.000000000,pass,pyjhora_4_8_7_compatibility,15.000000000,0.000000000,0.000000000,pass,jhora_8_visible_compatibility,15.000000000,0.000000000,0.000000000,pass,tie
GANN_JHORA_STHANA_SUBCOMPONENT_COMPARATOR_V1,case_43_event_start,MARS,kendradi,60.000000000,0.500000000,D:\PycharmProjects\status\evidence\jhora_sthana_subcomponents_20260729\case_43_event_start_visible_sthana_subcomponents.jpg,E1BC02F0A2D50E7400A761B50059BF69C1DED535E999155C4584F3FB36BE7B54,bphs_ch27_source,60.000000000,0.000000000,0.000000000,pass,pyjhora_4_8_7_compatibility,60.000000000,0.000000000,0.000000000,pass,jhora_8_visible_compatibility,60.000000000,0.000000000,0.000000000,pass,tie
GANN_JHORA_STHANA_SUBCOMPONENT_COMPARATOR_V1,case_43_event_start,MARS,ojayugma,0.000000000,0.500000000,D:\PycharmProjects\status\evidence\jhora_sthana_subcomponents_20260729\case_43_event_start_visible_sthana_subcomponents.jpg,E1BC02F0A2D50E7400A761B50059BF69C1DED535E999155C4584F3FB36BE7B54,bphs_ch27_source,0.000000000,0.000000000,0.000000000,pass,pyjhora_4_8_7_compatibility,0.000000000,0.000000000,0.000000000,pass,jhora_8_visible_compatibility,0.000000000,0.000000000,0.000000000,pass,tie
GANN_JHORA_STHANA_SUBCOMPONENT_COMPARATOR_V1,case_43_event_start,MARS,saptavargaja,120.000000000,0.500000000,D:\PycharmProjects\status\evidence\jhora_sthana_subcomponents_20260729\case_43_event_start_visible_sthana_subcomponents.jpg,E1BC02F0A2D50E7400A761B50059BF69C1DED535E999155C4584F3FB36BE7B54,bphs_ch27_source,108.000000000,-12.000000000,12.000000000,fail,pyjhora_4_8_7_compatibility,120.000000000,0.000000000,0.000000000,pass,jhora_8_visible_compatibility,120.000000000,0.000000000,0.000000000,pass,tie
GANN_JHORA_STHANA_SUBCOMPONENT_COMPARATOR_V1,case_43_event_start,MARS,uchcha,8.730000000,0.500000000,D:\PycharmProjects\status\evidence\jhora_sthana_subcomponents_20260729\case_43_event_start_visible_sthana_subcomponents.jpg,E1BC02F0A2D50E7400A761B50059BF69C1DED535E999155C4584F3FB36BE7B54,bphs_ch27_source,8.732785781,0.002785781,0.002785781,pass,pyjhora_4_8_7_compatibility,8.732785781,0.002785781,0.002785781,pass,jhora_8_visible_compatibility,8.732785781,0.002785781,0.002785781,pass,tie
GANN_JHORA_STHANA_SUBCOMPONENT_COMPARATOR_V1,case_43_event_start,MERCURY,drekkana,0.000000000,0.500000000,D:\PycharmProjects\status\evidence\jhora_sthana_subcomponents_20260729\case_43_event_start_visible_sthana_subcomponents.jpg,E1BC02F0A2D50E7400A761B50059BF69C1DED535E999155C4584F3FB36BE7B54,bphs_ch27_source,0.000000000,0.000000000,0.000000000,pass,pyjhora_4_8_7_compatibility,0.000000000,0.000000000,0.000000000,pass,jhora_8_visible_compatibility,0.000000000,0.000000000,0.000000000,pass,tie
GANN_JHORA_STHANA_SUBCOMPONENT_COMPARATOR_V1,case_43_event_start,MERCURY,kendradi,15.000000000,0.500000000,D:\PycharmProjects\status\evidence\jhora_sthana_subcomponents_20260729\case_43_event_start_visible_sthana_subcomponents.jpg,E1BC02F0A2D50E7400A761B50059BF69C1DED535E999155C4584F3FB36BE7B54,bphs_ch27_source,15.000000000,0.000000000,0.000000000,pass,pyjhora_4_8_7_compatibility,15.000000000,0.000000000,0.000000000,pass,jhora_8_visible_compatibility,15.000000000,0.000000000,0.000000000,pass,tie
GANN_JHORA_STHANA_SUBCOMPONENT_COMPARATOR_V1,case_43_event_start,MERCURY,ojayugma,15.000000000,0.500000000,D:\PycharmProjects\status\evidence\jhora_sthana_subcomponents_20260729\case_43_event_start_visible_sthana_subcomponents.jpg,E1BC02F0A2D50E7400A761B50059BF69C1DED535E999155C4584F3FB36BE7B54,bphs_ch27_source,15.000000000,0.000000000,0.000000000,pass,pyjhora_4_8_7_compatibility,15.000000000,0.000000000,0.000000000,pass,jhora_8_visible_compatibility,15.000000000,0.000000000,0.000000000,pass,tie
GANN_JHORA_STHANA_SUBCOMPONENT_COMPARATOR_V1,case_43_event_start,MERCURY,saptavargaja,63.750000000,0.500000000,D:\PycharmProjects\status\evidence\jhora_sthana_subcomponents_20260729\case_43_event_start_visible_sthana_subcomponents.jpg,E1BC02F0A2D50E7400A761B50059BF69C1DED535E999155C4584F3FB36BE7B54,bphs_ch27_source,74.000000000,10.250000000,10.250000000,fail,pyjhora_4_8_7_compatibility,63.750000000,0.000000000,0.000000000,pass,jhora_8_visible_compatibility,63.750000000,0.000000000,0.000000000,pass,tie
GANN_JHORA_STHANA_SUBCOMPONENT_COMPARATOR_V1,case_43_event_start,MERCURY,uchcha,3.450000000,0.500000000,D:\PycharmProjects\status\evidence\jhora_sthana_subcomponents_20260729\case_43_event_start_visible_sthana_subcomponents.jpg,E1BC02F0A2D50E7400A761B50059BF69C1DED535E999155C4584F3FB36BE7B54,bphs_ch27_source,3.448003196,-0.001996804,0.001996804,pass,pyjhora_4_8_7_compatibility,3.448003196,-0.001996804,0.001996804,pass,jhora_8_visible_compatibility,3.448003196,-0.001996804,0.001996804,pass,tie
GANN_JHORA_STHANA_SUBCOMPONENT_COMPARATOR_V1,case_43_event_start,MOON,drekkana,0.000000000,0.500000000,D:\PycharmProjects\status\evidence\jhora_sthana_subcomponents_20260729\case_43_event_start_visible_sthana_subcomponents.jpg,E1BC02F0A2D50E7400A761B50059BF69C1DED535E999155C4584F3FB36BE7B54,bphs_ch27_source,0.000000000,0.000000000,0.000000000,pass,pyjhora_4_8_7_compatibility,0.000000000,0.000000000,0.000000000,pass,jhora_8_visible_compatibility,0.000000000,0.000000000,0.000000000,pass,tie
GANN_JHORA_STHANA_SUBCOMPONENT_COMPARATOR_V1,case_43_event_start,MOON,kendradi,15.000000000,0.500000000,D:\PycharmProjects\status\evidence\jhora_sthana_subcomponents_20260729\case_43_event_start_visible_sthana_subcomponents.jpg,E1BC02F0A2D50E7400A761B50059BF69C1DED535E999155C4584F3FB36BE7B54,bphs_ch27_source,15.000000000,0.000000000,0.000000000,pass,pyjhora_4_8_7_compatibility,15.000000000,0.000000000,0.000000000,pass,jhora_8_visible_compatibility,15.000000000,0.000000000,0.000000000,pass,tie
GANN_JHORA_STHANA_SUBCOMPONENT_COMPARATOR_V1,case_43_event_start,MOON,ojayugma,15.000000000,0.500000000,D:\PycharmProjects\status\evidence\jhora_sthana_subcomponents_20260729\case_43_event_start_visible_sthana_subcomponents.jpg,E1BC02F0A2D50E7400A761B50059BF69C1DED535E999155C4584F3FB36BE7B54,bphs_ch27_source,15.000000000,0.000000000,0.000000000,pass,pyjhora_4_8_7_compatibility,15.000000000,0.000000000,0.000000000,pass,jhora_8_visible_compatibility,15.000000000,0.000000000,0.000000000,pass,tie
GANN_JHORA_STHANA_SUBCOMPONENT_COMPARATOR_V1,case_43_event_start,MOON,saptavargaja,150.000000000,0.500000000,D:\PycharmProjects\status\evidence\jhora_sthana_subcomponents_20260729\case_43_event_start_visible_sthana_subcomponents.jpg,E1BC02F0A2D50E7400A761B50059BF69C1DED535E999155C4584F3FB36BE7B54,bphs_ch27_source,140.000000000,-10.000000000,10.000000000,fail,pyjhora_4_8_7_compatibility,150.000000000,0.000000000,0.000000000,pass,jhora_8_visible_compatibility,150.000000000,0.000000000,0.000000000,pass,tie
GANN_JHORA_STHANA_SUBCOMPONENT_COMPARATOR_V1,case_43_event_start,MOON,uchcha,48.940000000,0.500000000,D:\PycharmProjects\status\evidence\jhora_sthana_subcomponents_20260729\case_43_event_start_visible_sthana_subcomponents.jpg,E1BC02F0A2D50E7400A761B50059BF69C1DED535E999155C4584F3FB36BE7B54,bphs_ch27_source,48.941109993,0.001109993,0.001109993,pass,pyjhora_4_8_7_compatibility,48.941109993,0.001109993,0.001109993,pass,jhora_8_visible_compatibility,48.941109993,0.001109993,0.001109993,pass,tie
GANN_JHORA_STHANA_SUBCOMPONENT_COMPARATOR_V1,case_43_event_start,SATURN,drekkana,0.000000000,0.500000000,D:\PycharmProjects\status\evidence\jhora_sthana_subcomponents_20260729\case_43_event_start_visible_sthana_subcomponents.jpg,E1BC02F0A2D50E7400A761B50059BF69C1DED535E999155C4584F3FB36BE7B54,bphs_ch27_source,0.000000000,0.000000000,0.000000000,pass,pyjhora_4_8_7_compatibility,0.000000000,0.000000000,0.000000000,pass,jhora_8_visible_compatibility,0.000000000,0.000000000,0.000000000,pass,tie
GANN_JHORA_STHANA_SUBCOMPONENT_COMPARATOR_V1,case_43_event_start,SATURN,kendradi,15.000000000,0.500000000,D:\PycharmProjects\status\evidence\jhora_sthana_subcomponents_20260729\case_43_event_start_visible_sthana_subcomponents.jpg,E1BC02F0A2D50E7400A761B50059BF69C1DED535E999155C4584F3FB36BE7B54,bphs_ch27_source,15.000000000,0.000000000,0.000000000,pass,pyjhora_4_8_7_compatibility,15.000000000,0.000000000,0.000000000,pass,jhora_8_visible_compatibility,15.000000000,0.000000000,0.000000000,pass,tie
GANN_JHORA_STHANA_SUBCOMPONENT_COMPARATOR_V1,case_43_event_start,SATURN,ojayugma,0.000000000,0.500000000,D:\PycharmProjects\status\evidence\jhora_sthana_subcomponents_20260729\case_43_event_start_visible_sthana_subcomponents.jpg,E1BC02F0A2D50E7400A761B50059BF69C1DED535E999155C4584F3FB36BE7B54,bphs_ch27_source,0.000000000,0.000000000,0.000000000,pass,pyjhora_4_8_7_compatibility,0.000000000,0.000000000,0.000000000,pass,jhora_8_visible_compatibility,0.000000000,0.000000000,0.000000000,pass,tie
GANN_JHORA_STHANA_SUBCOMPONENT_COMPARATOR_V1,case_43_event_start,SATURN,saptavargaja,75.000000000,0.500000000,D:\PycharmProjects\status\evidence\jhora_sthana_subcomponents_20260729\case_43_event_start_visible_sthana_subcomponents.jpg,E1BC02F0A2D50E7400A761B50059BF69C1DED535E999155C4584F3FB36BE7B54,bphs_ch27_source,85.000000000,10.000000000,10.000000000,fail,pyjhora_4_8_7_compatibility,75.000000000,0.000000000,0.000000000,pass,jhora_8_visible_compatibility,75.000000000,0.000000000,0.000000000,pass,tie
GANN_JHORA_STHANA_SUBCOMPONENT_COMPARATOR_V1,case_43_event_start,SATURN,uchcha,15.980000000,0.500000000,D:\PycharmProjects\status\evidence\jhora_sthana_subcomponents_20260729\case_43_event_start_visible_sthana_subcomponents.jpg,E1BC02F0A2D50E7400A761B50059BF69C1DED535E999155C4584F3FB36BE7B54,bphs_ch27_source,15.976840043,-0.003159957,0.003159957,pass,pyjhora_4_8_7_compatibility,15.976840043,-0.003159957,0.003159957,pass,jhora_8_visible_compatibility,15.976840043,-0.003159957,0.003159957,pass,tie
GANN_JHORA_STHANA_SUBCOMPONENT_COMPARATOR_V1,case_43_event_start,SUN,drekkana,0.000000000,0.500000000,D:\PycharmProjects\status\evidence\jhora_sthana_subcomponents_20260729\case_43_event_start_visible_sthana_subcomponents.jpg,E1BC02F0A2D50E7400A761B50059BF69C1DED535E999155C4584F3FB36BE7B54,bphs_ch27_source,0.000000000,0.000000000,0.000000000,pass,pyjhora_4_8_7_compatibility,0.000000000,0.000000000,0.000000000,pass,jhora_8_visible_compatibility,0.000000000,0.000000000,0.000000000,pass,tie
GANN_JHORA_STHANA_SUBCOMPONENT_COMPARATOR_V1,case_43_event_start,SUN,kendradi,15.000000000,0.500000000,D:\PycharmProjects\status\evidence\jhora_sthana_subcomponents_20260729\case_43_event_start_visible_sthana_subcomponents.jpg,E1BC02F0A2D50E7400A761B50059BF69C1DED535E999155C4584F3FB36BE7B54,bphs_ch27_source,15.000000000,0.000000000,0.000000000,pass,pyjhora_4_8_7_compatibility,15.000000000,0.000000000,0.000000000,pass,jhora_8_visible_compatibility,15.000000000,0.000000000,0.000000000,pass,tie
GANN_JHORA_STHANA_SUBCOMPONENT_COMPARATOR_V1,case_43_event_start,SUN,ojayugma,0.000000000,0.500000000,D:\PycharmProjects\status\evidence\jhora_sthana_subcomponents_20260729\case_43_event_start_visible_sthana_subcomponents.jpg,E1BC02F0A2D50E7400A761B50059BF69C1DED535E999155C4584F3FB36BE7B54,bphs_ch27_source,0.000000000,0.000000000,0.000000000,pass,pyjhora_4_8_7_compatibility,0.000000000,0.000000000,0.000000000,pass,jhora_8_visible_compatibility,0.000000000,0.000000000,0.000000000,pass,tie
GANN_JHORA_STHANA_SUBCOMPONENT_COMPARATOR_V1,case_43_event_start,SUN,saptavargaja,73.130000000,0.500000000,D:\PycharmProjects\status\evidence\jhora_sthana_subcomponents_20260729\case_43_event_start_visible_sthana_subcomponents.jpg,E1BC02F0A2D50E7400A761B50059BF69C1DED535E999155C4584F3FB36BE7B54,bphs_ch27_source,76.000000000,2.870000000,2.870000000,fail,pyjhora_4_8_7_compatibility,73.125000000,-0.005000000,0.005000000,pass,jhora_8_visible_compatibility,73.125000000,-0.005000000,0.005000000,pass,tie
GANN_JHORA_STHANA_SUBCOMPONENT_COMPARATOR_V1,case_43_event_start,SUN,uchcha,53.860000000,0.500000000,D:\PycharmProjects\status\evidence\jhora_sthana_subcomponents_20260729\case_43_event_start_visible_sthana_subcomponents.jpg,E1BC02F0A2D50E7400A761B50059BF69C1DED535E999155C4584F3FB36BE7B54,bphs_ch27_source,53.862431046,0.002431046,0.002431046,pass,pyjhora_4_8_7_compatibility,53.862431046,0.002431046,0.002431046,pass,jhora_8_visible_compatibility,53.862431046,0.002431046,0.002431046,pass,tie
GANN_JHORA_STHANA_SUBCOMPONENT_COMPARATOR_V1,case_43_event_start,VENUS,drekkana,0.000000000,0.500000000,D:\PycharmProjects\status\evidence\jhora_sthana_subcomponents_20260729\case_43_event_start_visible_sthana_subcomponents.jpg,E1BC02F0A2D50E7400A761B50059BF69C1DED535E999155C4584F3FB36BE7B54,bphs_ch27_source,0.000000000,0.000000000,0.000000000,pass,pyjhora_4_8_7_compatibility,0.000000000,0.000000000,0.000000000,pass,jhora_8_visible_compatibility,0.000000000,0.000000000,0.000000000,pass,tie
GANN_JHORA_STHANA_SUBCOMPONENT_COMPARATOR_V1,case_43_event_start,VENUS,kendradi,15.000000000,0.500000000,D:\PycharmProjects\status\evidence\jhora_sthana_subcomponents_20260729\case_43_event_start_visible_sthana_subcomponents.jpg,E1BC02F0A2D50E7400A761B50059BF69C1DED535E999155C4584F3FB36BE7B54,bphs_ch27_source,15.000000000,0.000000000,0.000000000,pass,pyjhora_4_8_7_compatibility,15.000000000,0.000000000,0.000000000,pass,jhora_8_visible_compatibility,15.000000000,0.000000000,0.000000000,pass,tie
GANN_JHORA_STHANA_SUBCOMPONENT_COMPARATOR_V1,case_43_event_start,VENUS,ojayugma,15.000000000,0.500000000,D:\PycharmProjects\status\evidence\jhora_sthana_subcomponents_20260729\case_43_event_start_visible_sthana_subcomponents.jpg,E1BC02F0A2D50E7400A761B50059BF69C1DED535E999155C4584F3FB36BE7B54,bphs_ch27_source,15.000000000,0.000000000,0.000000000,pass,pyjhora_4_8_7_compatibility,15.000000000,0.000000000,0.000000000,pass,jhora_8_visible_compatibility,15.000000000,0.000000000,0.000000000,pass,tie
GANN_JHORA_STHANA_SUBCOMPONENT_COMPARATOR_V1,case_43_event_start,VENUS,saptavargaja,80.630000000,0.500000000,D:\PycharmProjects\status\evidence\jhora_sthana_subcomponents_20260729\case_43_event_start_visible_sthana_subcomponents.jpg,E1BC02F0A2D50E7400A761B50059BF69C1DED535E999155C4584F3FB36BE7B54,bphs_ch27_source,86.000000000,5.370000000,5.370000000,fail,pyjhora_4_8_7_compatibility,80.625000000,-0.005000000,0.005000000,pass,jhora_8_visible_compatibility,80.625000000,-0.005000000,0.005000000,pass,tie
GANN_JHORA_STHANA_SUBCOMPONENT_COMPARATOR_V1,case_43_event_start,VENUS,uchcha,52.190000000,0.500000000,D:\PycharmProjects\status\evidence\jhora_sthana_subcomponents_20260729\case_43_event_start_visible_sthana_subcomponents.jpg,E1BC02F0A2D50E7400A761B50059BF69C1DED535E999155C4584F3FB36BE7B54,bphs_ch27_source,52.187191835,-0.002808165,0.002808165,pass,pyjhora_4_8_7_compatibility,52.187191835,-0.002808165,0.002808165,pass,jhora_8_visible_compatibility,52.187191835,-0.002808165,0.002808165,pass,tie
GANN_JHORA_STHANA_SUBCOMPONENT_COMPARATOR_V1,case_8_event_start,JUPITER,drekkana,0.000000000,0.500000000,D:\PycharmProjects\status\evidence\jhora_sthana_subcomponents_20260729\case_8_event_start_visible_sthana_subcomponents.jpg,8ADCC0BB2DBFF8E9A51FC5A5F7D33260474386F3BE33E9BEC02177B2AC00D420,bphs_ch27_source,0.000000000,0.000000000,0.000000000,pass,pyjhora_4_8_7_compatibility,0.000000000,0.000000000,0.000000000,pass,jhora_8_visible_compatibility,0.000000000,0.000000000,0.000000000,pass,tie
GANN_JHORA_STHANA_SUBCOMPONENT_COMPARATOR_V1,case_8_event_start,JUPITER,kendradi,60.000000000,0.500000000,D:\PycharmProjects\status\evidence\jhora_sthana_subcomponents_20260729\case_8_event_start_visible_sthana_subcomponents.jpg,8ADCC0BB2DBFF8E9A51FC5A5F7D33260474386F3BE33E9BEC02177B2AC00D420,bphs_ch27_source,60.000000000,0.000000000,0.000000000,pass,pyjhora_4_8_7_compatibility,60.000000000,0.000000000,0.000000000,pass,jhora_8_visible_compatibility,60.000000000,0.000000000,0.000000000,pass,tie
GANN_JHORA_STHANA_SUBCOMPONENT_COMPARATOR_V1,case_8_event_start,JUPITER,ojayugma,0.000000000,0.500000000,D:\PycharmProjects\status\evidence\jhora_sthana_subcomponents_20260729\case_8_event_start_visible_sthana_subcomponents.jpg,8ADCC0BB2DBFF8E9A51FC5A5F7D33260474386F3BE33E9BEC02177B2AC00D420,bphs_ch27_source,0.000000000,0.000000000,0.000000000,pass,pyjhora_4_8_7_compatibility,0.000000000,0.000000000,0.000000000,pass,jhora_8_visible_compatibility,0.000000000,0.000000000,0.000000000,pass,tie
GANN_JHORA_STHANA_SUBCOMPONENT_COMPARATOR_V1,case_8_event_start,JUPITER,saptavargaja,127.500000000,0.500000000,D:\PycharmProjects\status\evidence\jhora_sthana_subcomponents_20260729\case_8_event_start_visible_sthana_subcomponents.jpg,8ADCC0BB2DBFF8E9A51FC5A5F7D33260474386F3BE33E9BEC02177B2AC00D420,bphs_ch27_source,125.000000000,-2.500000000,2.500000000,fail,pyjhora_4_8_7_compatibility,127.500000000,0.000000000,0.000000000,pass,jhora_8_visible_compatibility,127.500000000,0.000000000,0.000000000,pass,tie
GANN_JHORA_STHANA_SUBCOMPONENT_COMPARATOR_V1,case_8_event_start,JUPITER,uchcha,45.030000000,0.500000000,D:\PycharmProjects\status\evidence\jhora_sthana_subcomponents_20260729\case_8_event_start_visible_sthana_subcomponents.jpg,8ADCC0BB2DBFF8E9A51FC5A5F7D33260474386F3BE33E9BEC02177B2AC00D420,bphs_ch27_source,45.031405519,0.001405519,0.001405519,pass,pyjhora_4_8_7_compatibility,45.031405519,0.001405519,0.001405519,pass,jhora_8_visible_compatibility,45.031405519,0.001405519,0.001405519,pass,tie
GANN_JHORA_STHANA_SUBCOMPONENT_COMPARATOR_V1,case_8_event_start,MARS,drekkana,0.000000000,0.500000000,D:\PycharmProjects\status\evidence\jhora_sthana_subcomponents_20260729\case_8_event_start_visible_sthana_subcomponents.jpg,8ADCC0BB2DBFF8E9A51FC5A5F7D33260474386F3BE33E9BEC02177B2AC00D420,bphs_ch27_source,0.000000000,0.000000000,0.000000000,pass,pyjhora_4_8_7_compatibility,0.000000000,0.000000000,0.000000000,pass,jhora_8_visible_compatibility,0.000000000,0.000000000,0.000000000,pass,tie
GANN_JHORA_STHANA_SUBCOMPONENT_COMPARATOR_V1,case_8_event_start,MARS,kendradi,30.000000000,0.500000000,D:\PycharmProjects\status\evidence\jhora_sthana_subcomponents_20260729\case_8_event_start_visible_sthana_subcomponents.jpg,8ADCC0BB2DBFF8E9A51FC5A5F7D33260474386F3BE33E9BEC02177B2AC00D420,bphs_ch27_source,30.000000000,0.000000000,0.000000000,pass,pyjhora_4_8_7_compatibility,30.000000000,0.000000000,0.000000000,pass,jhora_8_visible_compatibility,30.000000000,0.000000000,0.000000000,pass,tie
GANN_JHORA_STHANA_SUBCOMPONENT_COMPARATOR_V1,case_8_event_start,MARS,ojayugma,15.000000000,0.500000000,D:\PycharmProjects\status\evidence\jhora_sthana_subcomponents_20260729\case_8_event_start_visible_sthana_subcomponents.jpg,8ADCC0BB2DBFF8E9A51FC5A5F7D33260474386F3BE33E9BEC02177B2AC00D420,bphs_ch27_source,15.000000000,0.000000000,0.000000000,pass,pyjhora_4_8_7_compatibility,15.000000000,0.000000000,0.000000000,pass,jhora_8_visible_compatibility,15.000000000,0.000000000,0.000000000,pass,tie
GANN_JHORA_STHANA_SUBCOMPONENT_COMPARATOR_V1,case_8_event_start,MARS,saptavargaja,108.750000000,0.500000000,D:\PycharmProjects\status\evidence\jhora_sthana_subcomponents_20260729\case_8_event_start_visible_sthana_subcomponents.jpg,8ADCC0BB2DBFF8E9A51FC5A5F7D33260474386F3BE33E9BEC02177B2AC00D420,bphs_ch27_source,114.000000000,5.250000000,5.250000000,fail,pyjhora_4_8_7_compatibility,108.750000000,0.000000000,0.000000000,pass,jhora_8_visible_compatibility,108.750000000,0.000000000,0.000000000,pass,tie
GANN_JHORA_STHANA_SUBCOMPONENT_COMPARATOR_V1,case_8_event_start,MARS,uchcha,10.990000000,0.500000000,D:\PycharmProjects\status\evidence\jhora_sthana_subcomponents_20260729\case_8_event_start_visible_sthana_subcomponents.jpg,8ADCC0BB2DBFF8E9A51FC5A5F7D33260474386F3BE33E9BEC02177B2AC00D420,bphs_ch27_source,10.988768681,-0.001231319,0.001231319,pass,pyjhora_4_8_7_compatibility,10.988768681,-0.001231319,0.001231319,pass,jhora_8_visible_compatibility,10.988768681,-0.001231319,0.001231319,pass,tie
GANN_JHORA_STHANA_SUBCOMPONENT_COMPARATOR_V1,case_8_event_start,MERCURY,drekkana,15.000000000,0.500000000,D:\PycharmProjects\status\evidence\jhora_sthana_subcomponents_20260729\case_8_event_start_visible_sthana_subcomponents.jpg,8ADCC0BB2DBFF8E9A51FC5A5F7D33260474386F3BE33E9BEC02177B2AC00D420,bphs_ch27_source,15.000000000,0.000000000,0.000000000,pass,pyjhora_4_8_7_compatibility,15.000000000,0.000000000,0.000000000,pass,jhora_8_visible_compatibility,15.000000000,0.000000000,0.000000000,pass,tie
GANN_JHORA_STHANA_SUBCOMPONENT_COMPARATOR_V1,case_8_event_start,MERCURY,kendradi,30.000000000,0.500000000,D:\PycharmProjects\status\evidence\jhora_sthana_subcomponents_20260729\case_8_event_start_visible_sthana_subcomponents.jpg,8ADCC0BB2DBFF8E9A51FC5A5F7D33260474386F3BE33E9BEC02177B2AC00D420,bphs_ch27_source,30.000000000,0.000000000,0.000000000,pass,pyjhora_4_8_7_compatibility,30.000000000,0.000000000,0.000000000,pass,jhora_8_visible_compatibility,30.000000000,0.000000000,0.000000000,pass,tie
GANN_JHORA_STHANA_SUBCOMPONENT_COMPARATOR_V1,case_8_event_start,MERCURY,ojayugma,15.000000000,0.500000000,D:\PycharmProjects\status\evidence\jhora_sthana_subcomponents_20260729\case_8_event_start_visible_sthana_subcomponents.jpg,8ADCC0BB2DBFF8E9A51FC5A5F7D33260474386F3BE33E9BEC02177B2AC00D420,bphs_ch27_source,15.000000000,0.000000000,0.000000000,pass,pyjhora_4_8_7_compatibility,15.000000000,0.000000000,0.000000000,pass,jhora_8_visible_compatibility,15.000000000,0.000000000,0.000000000,pass,tie
GANN_JHORA_STHANA_SUBCOMPONENT_COMPARATOR_V1,case_8_event_start,MERCURY,saptavargaja,90.000000000,0.500000000,D:\PycharmProjects\status\evidence\jhora_sthana_subcomponents_20260729\case_8_event_start_visible_sthana_subcomponents.jpg,8ADCC0BB2DBFF8E9A51FC5A5F7D33260474386F3BE33E9BEC02177B2AC00D420,bphs_ch27_source,95.000000000,5.000000000,5.000000000,fail,pyjhora_4_8_7_compatibility,90.000000000,0.000000000,0.000000000,pass,jhora_8_visible_compatibility,90.000000000,0.000000000,0.000000000,pass,tie
GANN_JHORA_STHANA_SUBCOMPONENT_COMPARATOR_V1,case_8_event_start,MERCURY,uchcha,0.790000000,0.500000000,D:\PycharmProjects\status\evidence\jhora_sthana_subcomponents_20260729\case_8_event_start_visible_sthana_subcomponents.jpg,8ADCC0BB2DBFF8E9A51FC5A5F7D33260474386F3BE33E9BEC02177B2AC00D420,bphs_ch27_source,0.790915836,0.000915836,0.000915836,pass,pyjhora_4_8_7_compatibility,0.790915836,0.000915836,0.000915836,pass,jhora_8_visible_compatibility,0.790915836,0.000915836,0.000915836,pass,tie
GANN_JHORA_STHANA_SUBCOMPONENT_COMPARATOR_V1,case_8_event_start,MOON,drekkana,0.000000000,0.500000000,D:\PycharmProjects\status\evidence\jhora_sthana_subcomponents_20260729\case_8_event_start_visible_sthana_subcomponents.jpg,8ADCC0BB2DBFF8E9A51FC5A5F7D33260474386F3BE33E9BEC02177B2AC00D420,bphs_ch27_source,0.000000000,0.000000000,0.000000000,pass,pyjhora_4_8_7_compatibility,0.000000000,0.000000000,0.000000000,pass,jhora_8_visible_compatibility,0.000000000,0.000000000,0.000000000,pass,tie
GANN_JHORA_STHANA_SUBCOMPONENT_COMPARATOR_V1,case_8_event_start,MOON,kendradi,30.000000000,0.500000000,D:\PycharmProjects\status\evidence\jhora_sthana_subcomponents_20260729\case_8_event_start_visible_sthana_subcomponents.jpg,8ADCC0BB2DBFF8E9A51FC5A5F7D33260474386F3BE33E9BEC02177B2AC00D420,bphs_ch27_source,30.000000000,0.000000000,0.000000000,pass,pyjhora_4_8_7_compatibility,30.000000000,0.000000000,0.000000000,pass,jhora_8_visible_compatibility,30.000000000,0.000000000,0.000000000,pass,tie
GANN_JHORA_STHANA_SUBCOMPONENT_COMPARATOR_V1,case_8_event_start,MOON,ojayugma,15.000000000,0.500000000,D:\PycharmProjects\status\evidence\jhora_sthana_subcomponents_20260729\case_8_event_start_visible_sthana_subcomponents.jpg,8ADCC0BB2DBFF8E9A51FC5A5F7D33260474386F3BE33E9BEC02177B2AC00D420,bphs_ch27_source,15.000000000,0.000000000,0.000000000,pass,pyjhora_4_8_7_compatibility,15.000000000,0.000000000,0.000000000,pass,jhora_8_visible_compatibility,15.000000000,0.000000000,0.000000000,pass,tie
GANN_JHORA_STHANA_SUBCOMPONENT_COMPARATOR_V1,case_8_event_start,MOON,saptavargaja,97.500000000,0.500000000,D:\PycharmProjects\status\evidence\jhora_sthana_subcomponents_20260729\case_8_event_start_visible_sthana_subcomponents.jpg,8ADCC0BB2DBFF8E9A51FC5A5F7D33260474386F3BE33E9BEC02177B2AC00D420,bphs_ch27_source,98.000000000,0.500000000,0.500000000,pass,pyjhora_4_8_7_compatibility,97.500000000,0.000000000,0.000000000,pass,jhora_8_visible_compatibility,97.500000000,0.000000000,0.000000000,pass,tie
GANN_JHORA_STHANA_SUBCOMPONENT_COMPARATOR_V1,case_8_event_start,MOON,uchcha,49.050000000,0.500000000,D:\PycharmProjects\status\evidence\jhora_sthana_subcomponents_20260729\case_8_event_start_visible_sthana_subcomponents.jpg,8ADCC0BB2DBFF8E9A51FC5A5F7D33260474386F3BE33E9BEC02177B2AC00D420,bphs_ch27_source,49.054005242,0.004005242,0.004005242,pass,pyjhora_4_8_7_compatibility,49.054005242,0.004005242,0.004005242,pass,jhora_8_visible_compatibility,49.054005242,0.004005242,0.004005242,pass,tie
GANN_JHORA_STHANA_SUBCOMPONENT_COMPARATOR_V1,case_8_event_start,SATURN,drekkana,0.000000000,0.500000000,D:\PycharmProjects\status\evidence\jhora_sthana_subcomponents_20260729\case_8_event_start_visible_sthana_subcomponents.jpg,8ADCC0BB2DBFF8E9A51FC5A5F7D33260474386F3BE33E9BEC02177B2AC00D420,bphs_ch27_source,0.000000000,0.000000000,0.000000000,pass,pyjhora_4_8_7_compatibility,0.000000000,0.000000000,0.000000000,pass,jhora_8_visible_compatibility,0.000000000,0.000000000,0.000000000,pass,tie
GANN_JHORA_STHANA_SUBCOMPONENT_COMPARATOR_V1,case_8_event_start,SATURN,kendradi,60.000000000,0.500000000,D:\PycharmProjects\status\evidence\jhora_sthana_subcomponents_20260729\case_8_event_start_visible_sthana_subcomponents.jpg,8ADCC0BB2DBFF8E9A51FC5A5F7D33260474386F3BE33E9BEC02177B2AC00D420,bphs_ch27_source,60.000000000,0.000000000,0.000000000,pass,pyjhora_4_8_7_compatibility,60.000000000,0.000000000,0.000000000,pass,jhora_8_visible_compatibility,60.000000000,0.000000000,0.000000000,pass,tie
GANN_JHORA_STHANA_SUBCOMPONENT_COMPARATOR_V1,case_8_event_start,SATURN,ojayugma,30.000000000,0.500000000,D:\PycharmProjects\status\evidence\jhora_sthana_subcomponents_20260729\case_8_event_start_visible_sthana_subcomponents.jpg,8ADCC0BB2DBFF8E9A51FC5A5F7D33260474386F3BE33E9BEC02177B2AC00D420,bphs_ch27_source,30.000000000,0.000000000,0.000000000,pass,pyjhora_4_8_7_compatibility,30.000000000,0.000000000,0.000000000,pass,jhora_8_visible_compatibility,30.000000000,0.000000000,0.000000000,pass,tie
GANN_JHORA_STHANA_SUBCOMPONENT_COMPARATOR_V1,case_8_event_start,SATURN,saptavargaja,131.250000000,0.500000000,D:\PycharmProjects\status\evidence\jhora_sthana_subcomponents_20260729\case_8_event_start_visible_sthana_subcomponents.jpg,8ADCC0BB2DBFF8E9A51FC5A5F7D33260474386F3BE33E9BEC02177B2AC00D420,bphs_ch27_source,124.000000000,-7.250000000,7.250000000,fail,pyjhora_4_8_7_compatibility,146.250000000,15.000000000,15.000000000,fail,jhora_8_visible_compatibility,131.250000000,0.000000000,0.000000000,pass,jhora_visible
GANN_JHORA_STHANA_SUBCOMPONENT_COMPARATOR_V1,case_8_event_start,SATURN,uchcha,17.090000000,0.500000000,D:\PycharmProjects\status\evidence\jhora_sthana_subcomponents_20260729\case_8_event_start_visible_sthana_subcomponents.jpg,8ADCC0BB2DBFF8E9A51FC5A5F7D33260474386F3BE33E9BEC02177B2AC00D420,bphs_ch27_source,17.088314103,-0.001685897,0.001685897,pass,pyjhora_4_8_7_compatibility,17.088314103,-0.001685897,0.001685897,pass,jhora_8_visible_compatibility,17.088314103,-0.001685897,0.001685897,pass,tie
GANN_JHORA_STHANA_SUBCOMPONENT_COMPARATOR_V1,case_8_event_start,SUN,drekkana,0.000000000,0.500000000,D:\PycharmProjects\status\evidence\jhora_sthana_subcomponents_20260729\case_8_event_start_visible_sthana_subcomponents.jpg,8ADCC0BB2DBFF8E9A51FC5A5F7D33260474386F3BE33E9BEC02177B2AC00D420,bphs_ch27_source,0.000000000,0.000000000,0.000000000,pass,pyjhora_4_8_7_compatibility,0.000000000,0.000000000,0.000000000,pass,jhora_8_visible_compatibility,0.000000000,0.000000000,0.000000000,pass,tie
GANN_JHORA_STHANA_SUBCOMPONENT_COMPARATOR_V1,case_8_event_start,SUN,kendradi,60.000000000,0.500000000,D:\PycharmProjects\status\evidence\jhora_sthana_subcomponents_20260729\case_8_event_start_visible_sthana_subcomponents.jpg,8ADCC0BB2DBFF8E9A51FC5A5F7D33260474386F3BE33E9BEC02177B2AC00D420,bphs_ch27_source,60.000000000,0.000000000,0.000000000,pass,pyjhora_4_8_7_compatibility,60.000000000,0.000000000,0.000000000,pass,jhora_8_visible_compatibility,60.000000000,0.000000000,0.000000000,pass,tie
GANN_JHORA_STHANA_SUBCOMPONENT_COMPARATOR_V1,case_8_event_start,SUN,ojayugma,15.000000000,0.500000000,D:\PycharmProjects\status\evidence\jhora_sthana_subcomponents_20260729\case_8_event_start_visible_sthana_subcomponents.jpg,8ADCC0BB2DBFF8E9A51FC5A5F7D33260474386F3BE33E9BEC02177B2AC00D420,bphs_ch27_source,15.000000000,0.000000000,0.000000000,pass,pyjhora_4_8_7_compatibility,15.000000000,0.000000000,0.000000000,pass,jhora_8_visible_compatibility,15.000000000,0.000000000,0.000000000,pass,tie
GANN_JHORA_STHANA_SUBCOMPONENT_COMPARATOR_V1,case_8_event_start,SUN,saptavargaja,54.380000000,0.500000000,D:\PycharmProjects\status\evidence\jhora_sthana_subcomponents_20260729\case_8_event_start_visible_sthana_subcomponents.jpg,8ADCC0BB2DBFF8E9A51FC5A5F7D33260474386F3BE33E9BEC02177B2AC00D420,bphs_ch27_source,67.000000000,12.620000000,12.620000000,fail,pyjhora_4_8_7_compatibility,54.375000000,-0.005000000,0.005000000,pass,jhora_8_visible_compatibility,54.375000000,-0.005000000,0.005000000,pass,tie
GANN_JHORA_STHANA_SUBCOMPONENT_COMPARATOR_V1,case_8_event_start,SUN,uchcha,44.830000000,0.500000000,D:\PycharmProjects\status\evidence\jhora_sthana_subcomponents_20260729\case_8_event_start_visible_sthana_subcomponents.jpg,8ADCC0BB2DBFF8E9A51FC5A5F7D33260474386F3BE33E9BEC02177B2AC00D420,bphs_ch27_source,44.828361564,-0.001638436,0.001638436,pass,pyjhora_4_8_7_compatibility,44.828361564,-0.001638436,0.001638436,pass,jhora_8_visible_compatibility,44.828361564,-0.001638436,0.001638436,pass,tie
GANN_JHORA_STHANA_SUBCOMPONENT_COMPARATOR_V1,case_8_event_start,VENUS,drekkana,0.000000000,0.500000000,D:\PycharmProjects\status\evidence\jhora_sthana_subcomponents_20260729\case_8_event_start_visible_sthana_subcomponents.jpg,8ADCC0BB2DBFF8E9A51FC5A5F7D33260474386F3BE33E9BEC02177B2AC00D420,bphs_ch27_source,0.000000000,0.000000000,0.000000000,pass,pyjhora_4_8_7_compatibility,0.000000000,0.000000000,0.000000000,pass,jhora_8_visible_compatibility,0.000000000,0.000000000,0.000000000,pass,tie
GANN_JHORA_STHANA_SUBCOMPONENT_COMPARATOR_V1,case_8_event_start,VENUS,kendradi,30.000000000,0.500000000,D:\PycharmProjects\status\evidence\jhora_sthana_subcomponents_20260729\case_8_event_start_visible_sthana_subcomponents.jpg,8ADCC0BB2DBFF8E9A51FC5A5F7D33260474386F3BE33E9BEC02177B2AC00D420,bphs_ch27_source,30.000000000,0.000000000,0.000000000,pass,pyjhora_4_8_7_compatibility,30.000000000,0.000000000,0.000000000,pass,jhora_8_visible_compatibility,30.000000000,0.000000000,0.000000000,pass,tie
GANN_JHORA_STHANA_SUBCOMPONENT_COMPARATOR_V1,case_8_event_start,VENUS,ojayugma,15.000000000,0.500000000,D:\PycharmProjects\status\evidence\jhora_sthana_subcomponents_20260729\case_8_event_start_visible_sthana_subcomponents.jpg,8ADCC0BB2DBFF8E9A51FC5A5F7D33260474386F3BE33E9BEC02177B2AC00D420,bphs_ch27_source,15.000000000,0.000000000,0.000000000,pass,pyjhora_4_8_7_compatibility,15.000000000,0.000000000,0.000000000,pass,jhora_8_visible_compatibility,15.000000000,0.000000000,0.000000000,pass,tie
GANN_JHORA_STHANA_SUBCOMPONENT_COMPARATOR_V1,case_8_event_start,VENUS,saptavargaja,90.000000000,0.500000000,D:\PycharmProjects\status\evidence\jhora_sthana_subcomponents_20260729\case_8_event_start_visible_sthana_subcomponents.jpg,8ADCC0BB2DBFF8E9A51FC5A5F7D33260474386F3BE33E9BEC02177B2AC00D420,bphs_ch27_source,95.000000000,5.000000000,5.000000000,fail,pyjhora_4_8_7_compatibility,90.000000000,0.000000000,0.000000000,pass,jhora_8_visible_compatibility,90.000000000,0.000000000,0.000000000,pass,tie
GANN_JHORA_STHANA_SUBCOMPONENT_COMPARATOR_V1,case_8_event_start,VENUS,uchcha,56.810000000,0.500000000,D:\PycharmProjects\status\evidence\jhora_sthana_subcomponents_20260729\case_8_event_start_visible_sthana_subcomponents.jpg,8ADCC0BB2DBFF8E9A51FC5A5F7D33260474386F3BE33E9BEC02177B2AC00D420,bphs_ch27_source,56.810354732,0.000354732,0.000354732,pass,pyjhora_4_8_7_compatibility,56.810354732,0.000354732,0.000354732,pass,jhora_8_visible_compatibility,56.810354732,0.000354732,0.000354732,pass,tie
GANN_JHORA_STHANA_SUBCOMPONENT_COMPARATOR_V1,gann_reference_tokyo,JUPITER,drekkana,15.000000000,0.500000000,D:\PycharmProjects\status\evidence\jhora_sthana_subcomponents_20260729\gann_reference_tokyo_visible_sthana_subcomponents.jpg,085502F129A174FE5F8B27D27A7CFAFB47002788CF24A452694D4662AD28C70C,bphs_ch27_source,15.000000000,0.000000000,0.000000000,pass,pyjhora_4_8_7_compatibility,15.000000000,0.000000000,0.000000000,pass,jhora_8_visible_compatibility,15.000000000,0.000000000,0.000000000,pass,tie
GANN_JHORA_STHANA_SUBCOMPONENT_COMPARATOR_V1,gann_reference_tokyo,JUPITER,kendradi,15.000000000,0.500000000,D:\PycharmProjects\status\evidence\jhora_sthana_subcomponents_20260729\gann_reference_tokyo_visible_sthana_subcomponents.jpg,085502F129A174FE5F8B27D27A7CFAFB47002788CF24A452694D4662AD28C70C,bphs_ch27_source,15.000000000,0.000000000,0.000000000,pass,pyjhora_4_8_7_compatibility,15.000000000,0.000000000,0.000000000,pass,jhora_8_visible_compatibility,15.000000000,0.000000000,0.000000000,pass,tie
GANN_JHORA_STHANA_SUBCOMPONENT_COMPARATOR_V1,gann_reference_tokyo,JUPITER,ojayugma,30.000000000,0.500000000,D:\PycharmProjects\status\evidence\jhora_sthana_subcomponents_20260729\gann_reference_tokyo_visible_sthana_subcomponents.jpg,085502F129A174FE5F8B27D27A7CFAFB47002788CF24A452694D4662AD28C70C,bphs_ch27_source,30.000000000,0.000000000,0.000000000,pass,pyjhora_4_8_7_compatibility,30.000000000,0.000000000,0.000000000,pass,jhora_8_visible_compatibility,30.000000000,0.000000000,0.000000000,pass,tie
GANN_JHORA_STHANA_SUBCOMPONENT_COMPARATOR_V1,gann_reference_tokyo,JUPITER,saptavargaja,142.500000000,0.500000000,D:\PycharmProjects\status\evidence\jhora_sthana_subcomponents_20260729\gann_reference_tokyo_visible_sthana_subcomponents.jpg,085502F129A174FE5F8B27D27A7CFAFB47002788CF24A452694D4662AD28C70C,bphs_ch27_source,143.000000000,0.500000000,0.500000000,pass,pyjhora_4_8_7_compatibility,142.500000000,0.000000000,0.000000000,pass,jhora_8_visible_compatibility,142.500000000,0.000000000,0.000000000,pass,tie
GANN_JHORA_STHANA_SUBCOMPONENT_COMPARATOR_V1,gann_reference_tokyo,JUPITER,uchcha,8.330000000,0.500000000,D:\PycharmProjects\status\evidence\jhora_sthana_subcomponents_20260729\gann_reference_tokyo_visible_sthana_subcomponents.jpg,085502F129A174FE5F8B27D27A7CFAFB47002788CF24A452694D4662AD28C70C,bphs_ch27_source,8.335991431,0.005991431,0.005991431,pass,pyjhora_4_8_7_compatibility,8.335991431,0.005991431,0.005991431,pass,jhora_8_visible_compatibility,8.335991431,0.005991431,0.005991431,pass,tie
GANN_JHORA_STHANA_SUBCOMPONENT_COMPARATOR_V1,gann_reference_tokyo,MARS,drekkana,15.000000000,0.500000000,D:\PycharmProjects\status\evidence\jhora_sthana_subcomponents_20260729\gann_reference_tokyo_visible_sthana_subcomponents.jpg,085502F129A174FE5F8B27D27A7CFAFB47002788CF24A452694D4662AD28C70C,bphs_ch27_source,15.000000000,0.000000000,0.000000000,pass,pyjhora_4_8_7_compatibility,15.000000000,0.000000000,0.000000000,pass,jhora_8_visible_compatibility,15.000000000,0.000000000,0.000000000,pass,tie
GANN_JHORA_STHANA_SUBCOMPONENT_COMPARATOR_V1,gann_reference_tokyo,MARS,kendradi,15.000000000,0.500000000,D:\PycharmProjects\status\evidence\jhora_sthana_subcomponents_20260729\gann_reference_tokyo_visible_sthana_subcomponents.jpg,085502F129A174FE5F8B27D27A7CFAFB47002788CF24A452694D4662AD28C70C,bphs_ch27_source,15.000000000,0.000000000,0.000000000,pass,pyjhora_4_8_7_compatibility,15.000000000,0.000000000,0.000000000,pass,jhora_8_visible_compatibility,15.000000000,0.000000000,0.000000000,pass,tie
GANN_JHORA_STHANA_SUBCOMPONENT_COMPARATOR_V1,gann_reference_tokyo,MARS,ojayugma,15.000000000,0.500000000,D:\PycharmProjects\status\evidence\jhora_sthana_subcomponents_20260729\gann_reference_tokyo_visible_sthana_subcomponents.jpg,085502F129A174FE5F8B27D27A7CFAFB47002788CF24A452694D4662AD28C70C,bphs_ch27_source,15.000000000,0.000000000,0.000000000,pass,pyjhora_4_8_7_compatibility,15.000000000,0.000000000,0.000000000,pass,jhora_8_visible_compatibility,15.000000000,0.000000000,0.000000000,pass,tie
GANN_JHORA_STHANA_SUBCOMPONENT_COMPARATOR_V1,gann_reference_tokyo,MARS,saptavargaja,131.250000000,0.500000000,D:\PycharmProjects\status\evidence\jhora_sthana_subcomponents_20260729\gann_reference_tokyo_visible_sthana_subcomponents.jpg,085502F129A174FE5F8B27D27A7CFAFB47002788CF24A452694D4662AD28C70C,bphs_ch27_source,124.000000000,-7.250000000,7.250000000,fail,pyjhora_4_8_7_compatibility,131.250000000,0.000000000,0.000000000,pass,jhora_8_visible_compatibility,131.250000000,0.000000000,0.000000000,pass,tie
GANN_JHORA_STHANA_SUBCOMPONENT_COMPARATOR_V1,gann_reference_tokyo,MARS,uchcha,48.000000000,0.500000000,D:\PycharmProjects\status\evidence\jhora_sthana_subcomponents_20260729\gann_reference_tokyo_visible_sthana_subcomponents.jpg,085502F129A174FE5F8B27D27A7CFAFB47002788CF24A452694D4662AD28C70C,bphs_ch27_source,48.002135673,0.002135673,0.002135673,pass,pyjhora_4_8_7_compatibility,48.002135673,0.002135673,0.002135673,pass,jhora_8_visible_compatibility,48.002135673,0.002135673,0.002135673,pass,tie
GANN_JHORA_STHANA_SUBCOMPONENT_COMPARATOR_V1,gann_reference_tokyo,MERCURY,drekkana,15.000000000,0.500000000,D:\PycharmProjects\status\evidence\jhora_sthana_subcomponents_20260729\gann_reference_tokyo_visible_sthana_subcomponents.jpg,085502F129A174FE5F8B27D27A7CFAFB47002788CF24A452694D4662AD28C70C,bphs_ch27_source,15.000000000,0.000000000,0.000000000,pass,pyjhora_4_8_7_compatibility,15.000000000,0.000000000,0.000000000,pass,jhora_8_visible_compatibility,15.000000000,0.000000000,0.000000000,pass,tie
GANN_JHORA_STHANA_SUBCOMPONENT_COMPARATOR_V1,gann_reference_tokyo,MERCURY,kendradi,30.000000000,0.500000000,D:\PycharmProjects\status\evidence\jhora_sthana_subcomponents_20260729\gann_reference_tokyo_visible_sthana_subcomponents.jpg,085502F129A174FE5F8B27D27A7CFAFB47002788CF24A452694D4662AD28C70C,bphs_ch27_source,30.000000000,0.000000000,0.000000000,pass,pyjhora_4_8_7_compatibility,30.000000000,0.000000000,0.000000000,pass,jhora_8_visible_compatibility,30.000000000,0.000000000,0.000000000,pass,tie
GANN_JHORA_STHANA_SUBCOMPONENT_COMPARATOR_V1,gann_reference_tokyo,MERCURY,ojayugma,15.000000000,0.500000000,D:\PycharmProjects\status\evidence\jhora_sthana_subcomponents_20260729\gann_reference_tokyo_visible_sthana_subcomponents.jpg,085502F129A174FE5F8B27D27A7CFAFB47002788CF24A452694D4662AD28C70C,bphs_ch27_source,15.000000000,0.000000000,0.000000000,pass,pyjhora_4_8_7_compatibility,15.000000000,0.000000000,0.000000000,pass,jhora_8_visible_compatibility,15.000000000,0.000000000,0.000000000,pass,tie
GANN_JHORA_STHANA_SUBCOMPONENT_COMPARATOR_V1,gann_reference_tokyo,MERCURY,saptavargaja,105.000000000,0.500000000,D:\PycharmProjects\status\evidence\jhora_sthana_subcomponents_20260729\gann_reference_tokyo_visible_sthana_subcomponents.jpg,085502F129A174FE5F8B27D27A7CFAFB47002788CF24A452694D4662AD28C70C,bphs_ch27_source,108.000000000,3.000000000,3.000000000,fail,pyjhora_4_8_7_compatibility,105.000000000,0.000000000,0.000000000,pass,jhora_8_visible_compatibility,105.000000000,0.000000000,0.000000000,pass,tie
GANN_JHORA_STHANA_SUBCOMPONENT_COMPARATOR_V1,gann_reference_tokyo,MERCURY,uchcha,11.610000000,0.500000000,D:\PycharmProjects\status\evidence\jhora_sthana_subcomponents_20260729\gann_reference_tokyo_visible_sthana_subcomponents.jpg,085502F129A174FE5F8B27D27A7CFAFB47002788CF24A452694D4662AD28C70C,bphs_ch27_source,11.615280018,0.005280018,0.005280018,pass,pyjhora_4_8_7_compatibility,11.615280018,0.005280018,0.005280018,pass,jhora_8_visible_compatibility,11.615280018,0.005280018,0.005280018,pass,tie
GANN_JHORA_STHANA_SUBCOMPONENT_COMPARATOR_V1,gann_reference_tokyo,MOON,drekkana,0.000000000,0.500000000,D:\PycharmProjects\status\evidence\jhora_sthana_subcomponents_20260729\gann_reference_tokyo_visible_sthana_subcomponents.jpg,085502F129A174FE5F8B27D27A7CFAFB47002788CF24A452694D4662AD28C70C,bphs_ch27_source,0.000000000,0.000000000,0.000000000,pass,pyjhora_4_8_7_compatibility,0.000000000,0.000000000,0.000000000,pass,jhora_8_visible_compatibility,0.000000000,0.000000000,0.000000000,pass,tie
GANN_JHORA_STHANA_SUBCOMPONENT_COMPARATOR_V1,gann_reference_tokyo,MOON,kendradi,15.000000000,0.500000000,D:\PycharmProjects\status\evidence\jhora_sthana_subcomponents_20260729\gann_reference_tokyo_visible_sthana_subcomponents.jpg,085502F129A174FE5F8B27D27A7CFAFB47002788CF24A452694D4662AD28C70C,bphs_ch27_source,15.000000000,0.000000000,0.000000000,pass,pyjhora_4_8_7_compatibility,15.000000000,0.000000000,0.000000000,pass,jhora_8_visible_compatibility,15.000000000,0.000000000,0.000000000,pass,tie
GANN_JHORA_STHANA_SUBCOMPONENT_COMPARATOR_V1,gann_reference_tokyo,MOON,ojayugma,0.000000000,0.500000000,D:\PycharmProjects\status\evidence\jhora_sthana_subcomponents_20260729\gann_reference_tokyo_visible_sthana_subcomponents.jpg,085502F129A174FE5F8B27D27A7CFAFB47002788CF24A452694D4662AD28C70C,bphs_ch27_source,0.000000000,0.000000000,0.000000000,pass,pyjhora_4_8_7_compatibility,0.000000000,0.000000000,0.000000000,pass,jhora_8_visible_compatibility,0.000000000,0.000000000,0.000000000,pass,tie
GANN_JHORA_STHANA_SUBCOMPONENT_COMPARATOR_V1,gann_reference_tokyo,MOON,saptavargaja,67.500000000,0.500000000,D:\PycharmProjects\status\evidence\jhora_sthana_subcomponents_20260729\gann_reference_tokyo_visible_sthana_subcomponents.jpg,085502F129A174FE5F8B27D27A7CFAFB47002788CF24A452694D4662AD28C70C,bphs_ch27_source,80.000000000,12.500000000,12.500000000,fail,pyjhora_4_8_7_compatibility,67.500000000,0.000000000,0.000000000,pass,jhora_8_visible_compatibility,67.500000000,0.000000000,0.000000000,pass,tie
GANN_JHORA_STHANA_SUBCOMPONENT_COMPARATOR_V1,gann_reference_tokyo,MOON,uchcha,50.640000000,0.500000000,D:\PycharmProjects\status\evidence\jhora_sthana_subcomponents_20260729\gann_reference_tokyo_visible_sthana_subcomponents.jpg,085502F129A174FE5F8B27D27A7CFAFB47002788CF24A452694D4662AD28C70C,bphs_ch27_source,50.638832636,-0.001167364,0.001167364,pass,pyjhora_4_8_7_compatibility,50.638832636,-0.001167364,0.001167364,pass,jhora_8_visible_compatibility,50.638832636,-0.001167364,0.001167364,pass,tie
GANN_JHORA_STHANA_SUBCOMPONENT_COMPARATOR_V1,gann_reference_tokyo,SATURN,drekkana,0.000000000,0.500000000,D:\PycharmProjects\status\evidence\jhora_sthana_subcomponents_20260729\gann_reference_tokyo_visible_sthana_subcomponents.jpg,085502F129A174FE5F8B27D27A7CFAFB47002788CF24A452694D4662AD28C70C,bphs_ch27_source,0.000000000,0.000000000,0.000000000,pass,pyjhora_4_8_7_compatibility,0.000000000,0.000000000,0.000000000,pass,jhora_8_visible_compatibility,0.000000000,0.000000000,0.000000000,pass,tie
GANN_JHORA_STHANA_SUBCOMPONENT_COMPARATOR_V1,gann_reference_tokyo,SATURN,kendradi,60.000000000,0.500000000,D:\PycharmProjects\status\evidence\jhora_sthana_subcomponents_20260729\gann_reference_tokyo_visible_sthana_subcomponents.jpg,085502F129A174FE5F8B27D27A7CFAFB47002788CF24A452694D4662AD28C70C,bphs_ch27_source,60.000000000,0.000000000,0.000000000,pass,pyjhora_4_8_7_compatibility,60.000000000,0.000000000,0.000000000,pass,jhora_8_visible_compatibility,60.000000000,0.000000000,0.000000000,pass,tie
GANN_JHORA_STHANA_SUBCOMPONENT_COMPARATOR_V1,gann_reference_tokyo,SATURN,ojayugma,15.000000000,0.500000000,D:\PycharmProjects\status\evidence\jhora_sthana_subcomponents_20260729\gann_reference_tokyo_visible_sthana_subcomponents.jpg,085502F129A174FE5F8B27D27A7CFAFB47002788CF24A452694D4662AD28C70C,bphs_ch27_source,15.000000000,0.000000000,0.000000000,pass,pyjhora_4_8_7_compatibility,15.000000000,0.000000000,0.000000000,pass,jhora_8_visible_compatibility,15.000000000,0.000000000,0.000000000,pass,tie
GANN_JHORA_STHANA_SUBCOMPONENT_COMPARATOR_V1,gann_reference_tokyo,SATURN,saptavargaja,60.000000000,0.500000000,D:\PycharmProjects\status\evidence\jhora_sthana_subcomponents_20260729\gann_reference_tokyo_visible_sthana_subcomponents.jpg,085502F129A174FE5F8B27D27A7CFAFB47002788CF24A452694D4662AD28C70C,bphs_ch27_source,68.000000000,8.000000000,8.000000000,fail,pyjhora_4_8_7_compatibility,60.000000000,0.000000000,0.000000000,pass,jhora_8_visible_compatibility,60.000000000,0.000000000,0.000000000,pass,tie
GANN_JHORA_STHANA_SUBCOMPONENT_COMPARATOR_V1,gann_reference_tokyo,SATURN,uchcha,31.880000000,0.500000000,D:\PycharmProjects\status\evidence\jhora_sthana_subcomponents_20260729\gann_reference_tokyo_visible_sthana_subcomponents.jpg,085502F129A174FE5F8B27D27A7CFAFB47002788CF24A452694D4662AD28C70C,bphs_ch27_source,31.877807506,-0.002192494,0.002192494,pass,pyjhora_4_8_7_compatibility,31.877807506,-0.002192494,0.002192494,pass,jhora_8_visible_compatibility,31.877807506,-0.002192494,0.002192494,pass,tie
GANN_JHORA_STHANA_SUBCOMPONENT_COMPARATOR_V1,gann_reference_tokyo,SUN,drekkana,15.000000000,0.500000000,D:\PycharmProjects\status\evidence\jhora_sthana_subcomponents_20260729\gann_reference_tokyo_visible_sthana_subcomponents.jpg,085502F129A174FE5F8B27D27A7CFAFB47002788CF24A452694D4662AD28C70C,bphs_ch27_source,15.000000000,0.000000000,0.000000000,pass,pyjhora_4_8_7_compatibility,15.000000000,0.000000000,0.000000000,pass,jhora_8_visible_compatibility,15.000000000,0.000000000,0.000000000,pass,tie
GANN_JHORA_STHANA_SUBCOMPONENT_COMPARATOR_V1,gann_reference_tokyo,SUN,kendradi,30.000000000,0.500000000,D:\PycharmProjects\status\evidence\jhora_sthana_subcomponents_20260729\gann_reference_tokyo_visible_sthana_subcomponents.jpg,085502F129A174FE5F8B27D27A7CFAFB47002788CF24A452694D4662AD28C70C,bphs_ch27_source,30.000000000,0.000000000,0.000000000,pass,pyjhora_4_8_7_compatibility,30.000000000,0.000000000,0.000000000,pass,jhora_8_visible_compatibility,30.000000000,0.000000000,0.000000000,pass,tie
GANN_JHORA_STHANA_SUBCOMPONENT_COMPARATOR_V1,gann_reference_tokyo,SUN,ojayugma,30.000000000,0.500000000,D:\PycharmProjects\status\evidence\jhora_sthana_subcomponents_20260729\gann_reference_tokyo_visible_sthana_subcomponents.jpg,085502F129A174FE5F8B27D27A7CFAFB47002788CF24A452694D4662AD28C70C,bphs_ch27_source,30.000000000,0.000000000,0.000000000,pass,pyjhora_4_8_7_compatibility,30.000000000,0.000000000,0.000000000,pass,jhora_8_visible_compatibility,30.000000000,0.000000000,0.000000000,pass,tie
GANN_JHORA_STHANA_SUBCOMPONENT_COMPARATOR_V1,gann_reference_tokyo,SUN,saptavargaja,67.500000000,0.500000000,D:\PycharmProjects\status\evidence\jhora_sthana_subcomponents_20260729\gann_reference_tokyo_visible_sthana_subcomponents.jpg,085502F129A174FE5F8B27D27A7CFAFB47002788CF24A452694D4662AD28C70C,bphs_ch27_source,68.000000000,0.500000000,0.500000000,pass,pyjhora_4_8_7_compatibility,67.500000000,0.000000000,0.000000000,pass,jhora_8_visible_compatibility,67.500000000,0.000000000,0.000000000,pass,tie
GANN_JHORA_STHANA_SUBCOMPONENT_COMPARATOR_V1,gann_reference_tokyo,SUN,uchcha,37.090000000,0.500000000,D:\PycharmProjects\status\evidence\jhora_sthana_subcomponents_20260729\gann_reference_tokyo_visible_sthana_subcomponents.jpg,085502F129A174FE5F8B27D27A7CFAFB47002788CF24A452694D4662AD28C70C,bphs_ch27_source,37.089653835,-0.000346165,0.000346165,pass,pyjhora_4_8_7_compatibility,37.089653835,-0.000346165,0.000346165,pass,jhora_8_visible_compatibility,37.089653835,-0.000346165,0.000346165,pass,tie
GANN_JHORA_STHANA_SUBCOMPONENT_COMPARATOR_V1,gann_reference_tokyo,VENUS,drekkana,0.000000000,0.500000000,D:\PycharmProjects\status\evidence\jhora_sthana_subcomponents_20260729\gann_reference_tokyo_visible_sthana_subcomponents.jpg,085502F129A174FE5F8B27D27A7CFAFB47002788CF24A452694D4662AD28C70C,bphs_ch27_source,0.000000000,0.000000000,0.000000000,pass,pyjhora_4_8_7_compatibility,0.000000000,0.000000000,0.000000000,pass,jhora_8_visible_compatibility,0.000000000,0.000000000,0.000000000,pass,tie
GANN_JHORA_STHANA_SUBCOMPONENT_COMPARATOR_V1,gann_reference_tokyo,VENUS,kendradi,15.000000000,0.500000000,D:\PycharmProjects\status\evidence\jhora_sthana_subcomponents_20260729\gann_reference_tokyo_visible_sthana_subcomponents.jpg,085502F129A174FE5F8B27D27A7CFAFB47002788CF24A452694D4662AD28C70C,bphs_ch27_source,15.000000000,0.000000000,0.000000000,pass,pyjhora_4_8_7_compatibility,15.000000000,0.000000000,0.000000000,pass,jhora_8_visible_compatibility,15.000000000,0.000000000,0.000000000,pass,tie
GANN_JHORA_STHANA_SUBCOMPONENT_COMPARATOR_V1,gann_reference_tokyo,VENUS,ojayugma,15.000000000,0.500000000,D:\PycharmProjects\status\evidence\jhora_sthana_subcomponents_20260729\gann_reference_tokyo_visible_sthana_subcomponents.jpg,085502F129A174FE5F8B27D27A7CFAFB47002788CF24A452694D4662AD28C70C,bphs_ch27_source,15.000000000,0.000000000,0.000000000,pass,pyjhora_4_8_7_compatibility,15.000000000,0.000000000,0.000000000,pass,jhora_8_visible_compatibility,15.000000000,0.000000000,0.000000000,pass,tie
GANN_JHORA_STHANA_SUBCOMPONENT_COMPARATOR_V1,gann_reference_tokyo,VENUS,saptavargaja,97.500000000,0.500000000,D:\PycharmProjects\status\evidence\jhora_sthana_subcomponents_20260729\gann_reference_tokyo_visible_sthana_subcomponents.jpg,085502F129A174FE5F8B27D27A7CFAFB47002788CF24A452694D4662AD28C70C,bphs_ch27_source,105.000000000,7.500000000,7.500000000,fail,pyjhora_4_8_7_compatibility,97.500000000,0.000000000,0.000000000,pass,jhora_8_visible_compatibility,97.500000000,0.000000000,0.000000000,pass,tie
GANN_JHORA_STHANA_SUBCOMPONENT_COMPARATOR_V1,gann_reference_tokyo,VENUS,uchcha,56.890000000,0.500000000,D:\PycharmProjects\status\evidence\jhora_sthana_subcomponents_20260729\gann_reference_tokyo_visible_sthana_subcomponents.jpg,085502F129A174FE5F8B27D27A7CFAFB47002788CF24A452694D4662AD28C70C,bphs_ch27_source,56.891348017,0.001348017,0.001348017,pass,pyjhora_4_8_7_compatibility,56.891348017,0.001348017,0.001348017,pass,jhora_8_visible_compatibility,56.891348017,0.001348017,0.001348017,pass,tie
