contract,sample_id,planet,measure,jhora_value_virupa,local_source_value_virupa,pyjhora_value_virupa,jhora_minus_local_virupa,jhora_minus_pyjhora_virupa,local_absolute_delta_virupa,pyjhora_absolute_delta_virupa,nearest_profile,local_pass_fail,classification,notes
GANN_JHORA_DOCTRINE_RECONCILIATION_V3,case_8_event_start,SUN,sthana,174.200000000,186.828361564,174.210000000,-12.628361564,-0.010000000,12.628361564,0.010000000,pyjhora_secondary_profile,fail,independent_sthana_profile_residual,Diagnostic only. Luminary totals exclude displayed Chesta; no tolerance widening and no execution authorization.
GANN_JHORA_DOCTRINE_RECONCILIATION_V3,case_8_event_start,SUN,kaala,81.530000000,76.777587410,61.570000000,4.752412590,19.960000000,4.752412590,19.960000000,local_source_profile,fail,local_source_profile_closer_requires_subcomponent_witness,Diagnostic only. Luminary totals exclude displayed Chesta; no tolerance widening and no execution authorization.
GANN_JHORA_DOCTRINE_RECONCILIATION_V3,case_8_event_start,SUN,dig,7.900000000,4.662318144,4.660000000,3.237681856,3.240000000,3.237681856,3.240000000,local_source_profile,fail,independent_dig_profile_residual,Diagnostic only. Luminary totals exclude displayed Chesta; no tolerance widening and no execution authorization.
GANN_JHORA_DOCTRINE_RECONCILIATION_V3,case_8_event_start,SUN,chesta,25.830000000,47.111987272,0.000000000,-21.281987272,25.830000000,21.281987272,25.830000000,local_source_profile,fail,luminary_display_only_excluded_from_total,Diagnostic only. Luminary totals exclude displayed Chesta; no tolerance widening and no execution authorization.
GANN_JHORA_DOCTRINE_RECONCILIATION_V3,case_8_event_start,SUN,naisargika,60.000000000,60.000000000,60.000000000,0.000000000,0.000000000,0.000000000,0.000000000,tie,pass,independent_naisargika_alignment,Diagnostic only. Luminary totals exclude displayed Chesta; no tolerance widening and no execution authorization.
GANN_JHORA_DOCTRINE_RECONCILIATION_V3,case_8_event_start,SUN,drik,0.730000000,-2.950000000,-2.950000000,3.680000000,3.680000000,3.680000000,3.680000000,tie,fail,independent_drik_profile_mismatch,Diagnostic only. Luminary totals exclude displayed Chesta; no tolerance widening and no execution authorization.
GANN_JHORA_DOCTRINE_RECONCILIATION_V3,case_8_event_start,SUN,total,324.370000000,325.318267118,297.490000000,-0.948267118,26.880000000,0.948267118,26.880000000,local_source_profile,fail,corrected_total_excludes_luminary_chesta,Diagnostic only. Luminary totals exclude displayed Chesta; no tolerance widening and no execution authorization.
GANN_JHORA_DOCTRINE_RECONCILIATION_V3,case_8_event_start,MOON,sthana,191.550000000,192.054005242,191.550000000,-0.504005242,0.000000000,0.504005242,0.000000000,pyjhora_secondary_profile,fail,independent_sthana_profile_residual,Diagnostic only. Luminary totals exclude displayed Chesta; no tolerance widening and no execution authorization.
GANN_JHORA_DOCTRINE_RECONCILIATION_V3,case_8_event_start,MOON,kaala,194.750000000,199.118699723,206.810000000,-4.368699723,-12.060000000,4.368699723,12.060000000,local_source_profile,fail,local_source_profile_closer_requires_subcomponent_witness,Diagnostic only. Luminary totals exclude displayed Chesta; no tolerance widening and no execution authorization.
GANN_JHORA_DOCTRINE_RECONCILIATION_V3,case_8_event_start,MOON,dig,18.320000000,21.553381995,21.550000000,-3.233381995,-3.230000000,3.233381995,3.230000000,pyjhora_secondary_profile,fail,independent_dig_profile_residual,Diagnostic only. Luminary totals exclude displayed Chesta; no tolerance widening and no execution authorization.
GANN_JHORA_DOCTRINE_RECONCILIATION_V3,case_8_event_start,MOON,chesta,33.780000000,67.568599723,0.000000000,-33.788599723,33.780000000,33.788599723,33.780000000,pyjhora_secondary_profile,fail,luminary_display_only_excluded_from_total,Diagnostic only. Luminary totals exclude displayed Chesta; no tolerance widening and no execution authorization.
GANN_JHORA_DOCTRINE_RECONCILIATION_V3,case_8_event_start,MOON,naisargika,51.430000000,51.430000000,51.430000000,0.000000000,0.000000000,0.000000000,0.000000000,tie,pass,independent_naisargika_alignment,Diagnostic only. Luminary totals exclude displayed Chesta; no tolerance widening and no execution authorization.
GANN_JHORA_DOCTRINE_RECONCILIATION_V3,case_8_event_start,MOON,drik,-21.390000000,-2.290000000,-2.290000000,-19.100000000,-19.100000000,19.100000000,19.100000000,tie,fail,independent_drik_profile_mismatch,Diagnostic only. Luminary totals exclude displayed Chesta; no tolerance widening and no execution authorization.
GANN_JHORA_DOCTRINE_RECONCILIATION_V3,case_8_event_start,MOON,total,434.660000000,461.866086959,469.050000000,-27.206086959,-34.390000000,27.206086959,34.390000000,local_source_profile,fail,corrected_total_excludes_luminary_chesta,Diagnostic only. Luminary totals exclude displayed Chesta; no tolerance widening and no execution authorization.
GANN_JHORA_DOCTRINE_RECONCILIATION_V3,case_8_event_start,MARS,sthana,164.740000000,169.988768681,164.740000000,-5.248768681,0.000000000,5.248768681,0.000000000,pyjhora_secondary_profile,fail,independent_sthana_profile_residual,Diagnostic only. Luminary totals exclude displayed Chesta; no tolerance widening and no execution authorization.
GANN_JHORA_DOCTRINE_RECONCILIATION_V3,case_8_event_start,MARS,kaala,136.600000000,145.479306473,111.620000000,-8.879306473,24.980000000,8.879306473,24.980000000,local_source_profile,fail,local_source_profile_closer_requires_subcomponent_witness,Diagnostic only. Luminary totals exclude displayed Chesta; no tolerance widening and no execution authorization.
GANN_JHORA_DOCTRINE_RECONCILIATION_V3,case_8_event_start,MARS,dig,48.080000000,44.845187899,44.850000000,3.234812101,3.230000000,3.234812101,3.230000000,pyjhora_secondary_profile,fail,independent_dig_profile_residual,Diagnostic only. Luminary totals exclude displayed Chesta; no tolerance widening and no execution authorization.
GANN_JHORA_DOCTRINE_RECONCILIATION_V3,case_8_event_start,MARS,chesta,45.440000000,45.404406008,74.610000000,0.035593992,-29.170000000,0.035593992,29.170000000,local_source_profile,pass,mean_longitude_profile_mixed_requires_reconciliation,Diagnostic only. Luminary totals exclude displayed Chesta; no tolerance widening and no execution authorization.
GANN_JHORA_DOCTRINE_RECONCILIATION_V3,case_8_event_start,MARS,naisargika,17.140000000,17.140000000,17.140000000,0.000000000,0.000000000,0.000000000,0.000000000,tie,pass,independent_naisargika_alignment,Diagnostic only. Luminary totals exclude displayed Chesta; no tolerance widening and no execution authorization.
GANN_JHORA_DOCTRINE_RECONCILIATION_V3,case_8_event_start,MARS,drik,-14.110000000,5.290000000,5.290000000,-19.400000000,-19.400000000,19.400000000,19.400000000,tie,fail,independent_drik_profile_mismatch,Diagnostic only. Luminary totals exclude displayed Chesta; no tolerance widening and no execution authorization.
GANN_JHORA_DOCTRINE_RECONCILIATION_V3,case_8_event_start,MARS,total,397.890000000,428.147669061,448.550000000,-30.257669061,-50.660000000,30.257669061,50.660000000,local_source_profile,fail,corrected_local_source_total,Diagnostic only. Luminary totals exclude displayed Chesta; no tolerance widening and no execution authorization.
GANN_JHORA_DOCTRINE_RECONCILIATION_V3,case_8_event_start,MERCURY,sthana,150.790000000,155.790915836,150.790000000,-5.000915836,0.000000000,5.000915836,0.000000000,pyjhora_secondary_profile,fail,independent_sthana_profile_residual,Diagnostic only. Luminary totals exclude displayed Chesta; no tolerance widening and no execution authorization.
GANN_JHORA_DOCTRINE_RECONCILIATION_V3,case_8_event_start,MERCURY,kaala,149.040000000,150.982173247,208.950000000,-1.942173247,-59.910000000,1.942173247,59.910000000,local_source_profile,fail,local_source_profile_closer_requires_subcomponent_witness,Diagnostic only. Luminary totals exclude displayed Chesta; no tolerance widening and no execution authorization.
GANN_JHORA_DOCTRINE_RECONCILIATION_V3,case_8_event_start,MERCURY,dig,16.050000000,16.052244931,16.050000000,-0.002244931,0.000000000,0.002244931,0.000000000,pyjhora_secondary_profile,pass,independent_dig_profile_residual,Diagnostic only. Luminary totals exclude displayed Chesta; no tolerance widening and no execution authorization.
GANN_JHORA_DOCTRINE_RECONCILIATION_V3,case_8_event_start,MERCURY,chesta,35.410000000,14.073995333,84.570000000,21.336004667,-49.160000000,21.336004667,49.160000000,local_source_profile,fail,mean_longitude_profile_mixed_requires_reconciliation,Diagnostic only. Luminary totals exclude displayed Chesta; no tolerance widening and no execution authorization.
GANN_JHORA_DOCTRINE_RECONCILIATION_V3,case_8_event_start,MERCURY,naisargika,25.700000000,25.710000000,25.710000000,-0.010000000,-0.010000000,0.010000000,0.010000000,tie,pass,independent_naisargika_alignment,Diagnostic only. Luminary totals exclude displayed Chesta; no tolerance widening and no execution authorization.
GANN_JHORA_DOCTRINE_RECONCILIATION_V3,case_8_event_start,MERCURY,drik,-1.470000000,-1.470000000,-1.470000000,0.000000000,0.000000000,0.000000000,0.000000000,tie,pass,independent_drik_profile_mismatch,Diagnostic only. Luminary totals exclude displayed Chesta; no tolerance widening and no execution authorization.
GANN_JHORA_DOCTRINE_RECONCILIATION_V3,case_8_event_start,MERCURY,total,375.530000000,361.139329347,572.500000000,14.390670653,-196.970000000,14.390670653,196.970000000,local_source_profile,fail,corrected_local_source_total,Diagnostic only. Luminary totals exclude displayed Chesta; no tolerance widening and no execution authorization.
GANN_JHORA_DOCTRINE_RECONCILIATION_V3,case_8_event_start,JUPITER,sthana,232.530000000,230.031405519,232.530000000,2.498594481,0.000000000,2.498594481,0.000000000,pyjhora_secondary_profile,fail,independent_sthana_profile_residual,Diagnostic only. Luminary totals exclude displayed Chesta; no tolerance widening and no execution authorization.
GANN_JHORA_DOCTRINE_RECONCILIATION_V3,case_8_event_start,JUPITER,kaala,160.200000000,155.336590163,245.470000000,4.863409837,-85.270000000,4.863409837,85.270000000,local_source_profile,fail,local_source_profile_closer_requires_subcomponent_witness,Diagnostic only. Luminary totals exclude displayed Chesta; no tolerance widening and no execution authorization.
GANN_JHORA_DOCTRINE_RECONCILIATION_V3,case_8_event_start,JUPITER,dig,6.440000000,6.436743090,6.440000000,0.003256910,0.000000000,0.003256910,0.000000000,pyjhora_secondary_profile,pass,independent_dig_profile_residual,Diagnostic only. Luminary totals exclude displayed Chesta; no tolerance widening and no execution authorization.
GANN_JHORA_DOCTRINE_RECONCILIATION_V3,case_8_event_start,JUPITER,chesta,30.600000000,30.172621713,89.350000000,0.427378287,-58.750000000,0.427378287,58.750000000,local_source_profile,pass,mean_longitude_profile_mixed_requires_reconciliation,Diagnostic only. Luminary totals exclude displayed Chesta; no tolerance widening and no execution authorization.
GANN_JHORA_DOCTRINE_RECONCILIATION_V3,case_8_event_start,JUPITER,naisargika,34.280000000,34.290000000,34.290000000,-0.010000000,-0.010000000,0.010000000,0.010000000,tie,pass,independent_naisargika_alignment,Diagnostic only. Luminary totals exclude displayed Chesta; no tolerance widening and no execution authorization.
GANN_JHORA_DOCTRINE_RECONCILIATION_V3,case_8_event_start,JUPITER,drik,-23.680000000,-20.460000000,-20.460000000,-3.220000000,-3.220000000,3.220000000,3.220000000,tie,fail,independent_drik_profile_mismatch,Diagnostic only. Luminary totals exclude displayed Chesta; no tolerance widening and no execution authorization.
GANN_JHORA_DOCTRINE_RECONCILIATION_V3,case_8_event_start,JUPITER,total,440.370000000,435.807360484,587.620000000,4.562639516,-147.250000000,4.562639516,147.250000000,local_source_profile,fail,corrected_local_source_total,Diagnostic only. Luminary totals exclude displayed Chesta; no tolerance widening and no execution authorization.
GANN_JHORA_DOCTRINE_RECONCILIATION_V3,case_8_event_start,VENUS,sthana,191.810000000,196.810354732,191.810000000,-5.000354732,0.000000000,5.000354732,0.000000000,pyjhora_secondary_profile,fail,independent_sthana_profile_residual,Diagnostic only. Luminary totals exclude displayed Chesta; no tolerance widening and no execution authorization.
GANN_JHORA_DOCTRINE_RECONCILIATION_V3,case_8_event_start,VENUS,kaala,181.930000000,186.484695477,256.720000000,-4.554695477,-74.790000000,4.554695477,74.790000000,local_source_profile,fail,local_source_profile_closer_requires_subcomponent_witness,Diagnostic only. Luminary totals exclude displayed Chesta; no tolerance widening and no execution authorization.
GANN_JHORA_DOCTRINE_RECONCILIATION_V3,case_8_event_start,VENUS,dig,44.450000000,47.689022021,47.690000000,-3.239022021,-3.240000000,3.239022021,3.240000000,local_source_profile,fail,independent_dig_profile_residual,Diagnostic only. Luminary totals exclude displayed Chesta; no tolerance widening and no execution authorization.
GANN_JHORA_DOCTRINE_RECONCILIATION_V3,case_8_event_start,VENUS,chesta,54.000000000,24.452823182,65.940000000,29.547176818,-11.940000000,29.547176818,11.940000000,pyjhora_secondary_profile,fail,mean_longitude_profile_mixed_requires_reconciliation,Diagnostic only. Luminary totals exclude displayed Chesta; no tolerance widening and no execution authorization.
GANN_JHORA_DOCTRINE_RECONCILIATION_V3,case_8_event_start,VENUS,naisargika,42.850000000,42.860000000,42.860000000,-0.010000000,-0.010000000,0.010000000,0.010000000,tie,pass,independent_naisargika_alignment,Diagnostic only. Luminary totals exclude displayed Chesta; no tolerance widening and no execution authorization.
GANN_JHORA_DOCTRINE_RECONCILIATION_V3,case_8_event_start,VENUS,drik,-2.070000000,-2.060000000,-2.060000000,-0.010000000,-0.010000000,0.010000000,0.010000000,tie,pass,independent_drik_profile_mismatch,Diagnostic only. Luminary totals exclude displayed Chesta; no tolerance widening and no execution authorization.
GANN_JHORA_DOCTRINE_RECONCILIATION_V3,case_8_event_start,VENUS,total,512.970000000,496.236895413,627.580000000,16.733104587,-114.610000000,16.733104587,114.610000000,local_source_profile,fail,corrected_local_source_total,Diagnostic only. Luminary totals exclude displayed Chesta; no tolerance widening and no execution authorization.
GANN_JHORA_DOCTRINE_RECONCILIATION_V3,case_8_event_start,SATURN,sthana,238.340000000,231.088314103,253.340000000,7.251685897,-15.000000000,7.251685897,15.000000000,local_source_profile,fail,independent_sthana_profile_residual,Diagnostic only. Luminary totals exclude displayed Chesta; no tolerance widening and no execution authorization.
GANN_JHORA_DOCTRINE_RECONCILIATION_V3,case_8_event_start,SATURN,kaala,112.470000000,119.327450277,27.420000000,-6.857450277,85.050000000,6.857450277,85.050000000,local_source_profile,fail,local_source_profile_closer_requires_subcomponent_witness,Diagnostic only. Luminary totals exclude displayed Chesta; no tolerance widening and no execution authorization.
GANN_JHORA_DOCTRINE_RECONCILIATION_V3,case_8_event_start,SATURN,dig,39.320000000,39.317023468,39.320000000,0.002976532,0.000000000,0.002976532,0.000000000,pyjhora_secondary_profile,pass,independent_dig_profile_residual,Diagnostic only. Luminary totals exclude displayed Chesta; no tolerance widening and no execution authorization.
GANN_JHORA_DOCTRINE_RECONCILIATION_V3,case_8_event_start,SATURN,chesta,2.980000000,3.170981005,3.020000000,-0.190981005,-0.040000000,0.190981005,0.040000000,pyjhora_secondary_profile,pass,mean_longitude_profile_mixed_requires_reconciliation,Diagnostic only. Luminary totals exclude displayed Chesta; no tolerance widening and no execution authorization.
GANN_JHORA_DOCTRINE_RECONCILIATION_V3,case_8_event_start,SATURN,naisargika,8.570000000,8.570000000,8.570000000,0.000000000,0.000000000,0.000000000,0.000000000,tie,pass,independent_naisargika_alignment,Diagnostic only. Luminary totals exclude displayed Chesta; no tolerance widening and no execution authorization.
GANN_JHORA_DOCTRINE_RECONCILIATION_V3,case_8_event_start,SATURN,drik,0.270000000,0.270000000,0.270000000,0.000000000,0.000000000,0.000000000,0.000000000,tie,pass,independent_drik_profile_mismatch,Diagnostic only. Luminary totals exclude displayed Chesta; no tolerance widening and no execution authorization.
GANN_JHORA_DOCTRINE_RECONCILIATION_V3,case_8_event_start,SATURN,total,401.940000000,401.743768853,331.940000000,0.196231147,70.000000000,0.196231147,70.000000000,local_source_profile,pass,corrected_local_source_total,Diagnostic only. Luminary totals exclude displayed Chesta; no tolerance widening and no execution authorization.
GANN_JHORA_DOCTRINE_RECONCILIATION_V3,case_43_event_start,SUN,sthana,141.990000000,144.862431046,141.980000000,-2.872431046,0.010000000,2.872431046,0.010000000,pyjhora_secondary_profile,fail,independent_sthana_profile_residual,Diagnostic only. Luminary totals exclude displayed Chesta; no tolerance widening and no execution authorization.
GANN_JHORA_DOCTRINE_RECONCILIATION_V3,case_43_event_start,SUN,kaala,143.830000000,141.163964196,4.090000000,2.666035804,139.740000000,2.666035804,139.740000000,local_source_profile,fail,local_source_profile_closer_requires_subcomponent_witness,Diagnostic only. Luminary totals exclude displayed Chesta; no tolerance widening and no execution authorization.
GANN_JHORA_DOCTRINE_RECONCILIATION_V3,case_43_event_start,SUN,dig,34.030000000,30.467844702,30.470000000,3.562155298,3.560000000,3.562155298,3.560000000,pyjhora_secondary_profile,fail,independent_dig_profile_residual,Diagnostic only. Luminary totals exclude displayed Chesta; no tolerance widening and no execution authorization.
GANN_JHORA_DOCTRINE_RECONCILIATION_V3,case_43_event_start,SUN,chesta,34.860000000,74.476989823,0.000000000,-39.616989823,34.860000000,39.616989823,34.860000000,pyjhora_secondary_profile,fail,luminary_display_only_excluded_from_total,Diagnostic only. Luminary totals exclude displayed Chesta; no tolerance widening and no execution authorization.
GANN_JHORA_DOCTRINE_RECONCILIATION_V3,case_43_event_start,SUN,naisargika,60.000000000,60.000000000,60.000000000,0.000000000,0.000000000,0.000000000,0.000000000,tie,pass,independent_naisargika_alignment,Diagnostic only. Luminary totals exclude displayed Chesta; no tolerance widening and no execution authorization.
GANN_JHORA_DOCTRINE_RECONCILIATION_V3,case_43_event_start,SUN,drik,-6.590000000,-2.940000000,-2.940000000,-3.650000000,-3.650000000,3.650000000,3.650000000,tie,fail,independent_drik_profile_mismatch,Diagnostic only. Luminary totals exclude displayed Chesta; no tolerance widening and no execution authorization.
GANN_JHORA_DOCTRINE_RECONCILIATION_V3,case_43_event_start,SUN,total,373.250000000,373.554239944,292.660000000,-0.304239944,80.590000000,0.304239944,80.590000000,local_source_profile,pass,corrected_total_excludes_luminary_chesta,Diagnostic only. Luminary totals exclude displayed Chesta; no tolerance widening and no execution authorization.
GANN_JHORA_DOCTRINE_RECONCILIATION_V3,case_43_event_start,MOON,sthana,228.940000000,218.941109993,228.940000000,9.998890007,0.000000000,9.998890007,0.000000000,pyjhora_secondary_profile,fail,independent_sthana_profile_residual,Diagnostic only. Luminary totals exclude displayed Chesta; no tolerance widening and no execution authorization.
GANN_JHORA_DOCTRINE_RECONCILIATION_V3,case_43_event_start,MOON,kaala,111.310000000,113.723648745,331.600000000,-2.413648745,-220.290000000,2.413648745,220.290000000,local_source_profile,fail,local_source_profile_closer_requires_subcomponent_witness,Diagnostic only. Luminary totals exclude displayed Chesta; no tolerance widening and no execution authorization.
GANN_JHORA_DOCTRINE_RECONCILIATION_V3,case_43_event_start,MOON,dig,50.840000000,54.395280925,54.400000000,-3.555280925,-3.560000000,3.555280925,3.560000000,local_source_profile,fail,independent_dig_profile_residual,Diagnostic only. Luminary totals exclude displayed Chesta; no tolerance widening and no execution authorization.
GANN_JHORA_DOCTRINE_RECONCILIATION_V3,case_43_event_start,MOON,chesta,24.860000000,70.273748745,0.000000000,-45.413748745,24.860000000,45.413748745,24.860000000,pyjhora_secondary_profile,fail,luminary_display_only_excluded_from_total,Diagnostic only. Luminary totals exclude displayed Chesta; no tolerance widening and no execution authorization.
GANN_JHORA_DOCTRINE_RECONCILIATION_V3,case_43_event_start,MOON,naisargika,51.430000000,51.430000000,51.430000000,0.000000000,0.000000000,0.000000000,0.000000000,tie,pass,independent_naisargika_alignment,Diagnostic only. Luminary totals exclude displayed Chesta; no tolerance widening and no execution authorization.
GANN_JHORA_DOCTRINE_RECONCILIATION_V3,case_43_event_start,MOON,drik,-18.270000000,-18.270000000,-18.270000000,0.000000000,0.000000000,0.000000000,0.000000000,tie,pass,independent_drik_profile_mismatch,Diagnostic only. Luminary totals exclude displayed Chesta; no tolerance widening and no execution authorization.
GANN_JHORA_DOCTRINE_RECONCILIATION_V3,case_43_event_start,MOON,total,424.250000000,420.220039664,659.300000000,4.029960336,-235.050000000,4.029960336,235.050000000,local_source_profile,fail,corrected_total_excludes_luminary_chesta,Diagnostic only. Luminary totals exclude displayed Chesta; no tolerance widening and no execution authorization.
GANN_JHORA_DOCTRINE_RECONCILIATION_V3,case_43_event_start,MARS,sthana,203.730000000,191.732785781,203.730000000,11.997214219,0.000000000,11.997214219,0.000000000,pyjhora_secondary_profile,fail,independent_sthana_profile_residual,Diagnostic only. Luminary totals exclude displayed Chesta; no tolerance widening and no execution authorization.
GANN_JHORA_DOCTRINE_RECONCILIATION_V3,case_43_event_start,MARS,kaala,117.990000000,123.982573543,88.320000000,-5.992573543,29.670000000,5.992573543,29.670000000,local_source_profile,fail,local_source_profile_closer_requires_subcomponent_witness,Diagnostic only. Luminary totals exclude displayed Chesta; no tolerance widening and no execution authorization.
GANN_JHORA_DOCTRINE_RECONCILIATION_V3,case_43_event_start,MARS,dig,0.620000000,2.936938471,2.940000000,-2.316938471,-2.320000000,2.316938471,2.320000000,local_source_profile,fail,independent_dig_profile_residual,Diagnostic only. Luminary totals exclude displayed Chesta; no tolerance widening and no execution authorization.
GANN_JHORA_DOCTRINE_RECONCILIATION_V3,case_43_event_start,MARS,chesta,39.980000000,39.949380651,80.670000000,0.030619349,-40.690000000,0.030619349,40.690000000,local_source_profile,pass,mean_longitude_profile_mixed_requires_reconciliation,Diagnostic only. Luminary totals exclude displayed Chesta; no tolerance widening and no execution authorization.
GANN_JHORA_DOCTRINE_RECONCILIATION_V3,case_43_event_start,MARS,naisargika,17.140000000,17.140000000,17.140000000,0.000000000,0.000000000,0.000000000,0.000000000,tie,pass,independent_naisargika_alignment,Diagnostic only. Luminary totals exclude displayed Chesta; no tolerance widening and no execution authorization.
GANN_JHORA_DOCTRINE_RECONCILIATION_V3,case_43_event_start,MARS,drik,-16.630000000,-16.620000000,-16.620000000,-0.010000000,-0.010000000,0.010000000,0.010000000,tie,pass,independent_drik_profile_mismatch,Diagnostic only. Luminary totals exclude displayed Chesta; no tolerance widening and no execution authorization.
GANN_JHORA_DOCTRINE_RECONCILIATION_V3,case_43_event_start,MARS,total,362.840000000,359.121678447,376.180000000,3.718321553,-13.340000000,3.718321553,13.340000000,local_source_profile,fail,corrected_local_source_total,Diagnostic only. Luminary totals exclude displayed Chesta; no tolerance widening and no execution authorization.
GANN_JHORA_DOCTRINE_RECONCILIATION_V3,case_43_event_start,MERCURY,sthana,97.200000000,107.448003196,97.200000000,-10.248003196,0.000000000,10.248003196,0.000000000,pyjhora_secondary_profile,fail,independent_sthana_profile_residual,Diagnostic only. Luminary totals exclude displayed Chesta; no tolerance widening and no execution authorization.
GANN_JHORA_DOCTRINE_RECONCILIATION_V3,case_43_event_start,MERCURY,kaala,186.320000000,185.450841630,111.880000000,0.869158370,74.440000000,0.869158370,74.440000000,local_source_profile,fail,local_source_profile_closer_requires_subcomponent_witness,Diagnostic only. Luminary totals exclude displayed Chesta; no tolerance widening and no execution authorization.
GANN_JHORA_DOCTRINE_RECONCILIATION_V3,case_43_event_start,MERCURY,dig,50.330000000,50.331166742,50.330000000,-0.001166742,0.000000000,0.001166742,0.000000000,pyjhora_secondary_profile,pass,independent_dig_profile_residual,Diagnostic only. Luminary totals exclude displayed Chesta; no tolerance widening and no execution authorization.
GANN_JHORA_DOCTRINE_RECONCILIATION_V3,case_43_event_start,MERCURY,chesta,50.520000000,25.983284553,50.490000000,24.536715447,0.030000000,24.536715447,0.030000000,pyjhora_secondary_profile,fail,mean_longitude_profile_mixed_requires_reconciliation,Diagnostic only. Luminary totals exclude displayed Chesta; no tolerance widening and no execution authorization.
GANN_JHORA_DOCTRINE_RECONCILIATION_V3,case_43_event_start,MERCURY,naisargika,25.700000000,25.710000000,25.710000000,-0.010000000,-0.010000000,0.010000000,0.010000000,tie,pass,independent_naisargika_alignment,Diagnostic only. Luminary totals exclude displayed Chesta; no tolerance widening and no execution authorization.
GANN_JHORA_DOCTRINE_RECONCILIATION_V3,case_43_event_start,MERCURY,drik,-8.710000000,-0.830000000,-0.830000000,-7.880000000,-7.880000000,7.880000000,7.880000000,tie,fail,independent_drik_profile_mismatch,Diagnostic only. Luminary totals exclude displayed Chesta; no tolerance widening and no execution authorization.
GANN_JHORA_DOCTRINE_RECONCILIATION_V3,case_43_event_start,MERCURY,total,401.350000000,394.093296121,334.780000000,7.256703879,66.570000000,7.256703879,66.570000000,local_source_profile,fail,corrected_local_source_total,Diagnostic only. Luminary totals exclude displayed Chesta; no tolerance widening and no execution authorization.
GANN_JHORA_DOCTRINE_RECONCILIATION_V3,case_43_event_start,JUPITER,sthana,211.220000000,206.222580251,211.220000000,4.997419749,0.000000000,4.997419749,0.000000000,pyjhora_secondary_profile,fail,independent_sthana_profile_residual,Diagnostic only. Luminary totals exclude displayed Chesta; no tolerance widening and no execution authorization.
GANN_JHORA_DOCTRINE_RECONCILIATION_V3,case_43_event_start,JUPITER,kaala,177.930000000,175.132299618,207.940000000,2.797700382,-30.010000000,2.797700382,30.010000000,local_source_profile,fail,local_source_profile_closer_requires_subcomponent_witness,Diagnostic only. Luminary totals exclude displayed Chesta; no tolerance widening and no execution authorization.
GANN_JHORA_DOCTRINE_RECONCILIATION_V3,case_43_event_start,JUPITER,dig,43.330000000,43.331583145,43.330000000,-0.001583145,0.000000000,0.001583145,0.000000000,pyjhora_secondary_profile,pass,independent_dig_profile_residual,Diagnostic only. Luminary totals exclude displayed Chesta; no tolerance widening and no execution authorization.
GANN_JHORA_DOCTRINE_RECONCILIATION_V3,case_43_event_start,JUPITER,chesta,22.610000000,22.179230857,97.340000000,0.430769143,-74.730000000,0.430769143,74.730000000,local_source_profile,pass,mean_longitude_profile_mixed_requires_reconciliation,Diagnostic only. Luminary totals exclude displayed Chesta; no tolerance widening and no execution authorization.
GANN_JHORA_DOCTRINE_RECONCILIATION_V3,case_43_event_start,JUPITER,naisargika,34.280000000,34.290000000,34.290000000,-0.010000000,-0.010000000,0.010000000,0.010000000,tie,pass,independent_naisargika_alignment,Diagnostic only. Luminary totals exclude displayed Chesta; no tolerance widening and no execution authorization.
GANN_JHORA_DOCTRINE_RECONCILIATION_V3,case_43_event_start,JUPITER,drik,-16.300000000,-24.390000000,-24.400000000,8.090000000,8.100000000,8.090000000,8.100000000,local_source_profile,fail,independent_drik_profile_mismatch,Diagnostic only. Luminary totals exclude displayed Chesta; no tolerance widening and no execution authorization.
GANN_JHORA_DOCTRINE_RECONCILIATION_V3,case_43_event_start,JUPITER,total,473.070000000,456.765693871,569.720000000,16.304306129,-96.650000000,16.304306129,96.650000000,local_source_profile,fail,corrected_local_source_total,Diagnostic only. Luminary totals exclude displayed Chesta; no tolerance widening and no execution authorization.
GANN_JHORA_DOCTRINE_RECONCILIATION_V3,case_43_event_start,VENUS,sthana,162.810000000,168.187191835,162.810000000,-5.377191835,0.000000000,5.377191835,0.000000000,pyjhora_secondary_profile,fail,independent_sthana_profile_residual,Diagnostic only. Luminary totals exclude displayed Chesta; no tolerance widening and no execution authorization.
GANN_JHORA_DOCTRINE_RECONCILIATION_V3,case_43_event_start,VENUS,kaala,222.160000000,227.376361356,196.250000000,-5.216361356,25.910000000,5.216361356,25.910000000,local_source_profile,fail,local_source_profile_closer_requires_subcomponent_witness,Diagnostic only. Luminary totals exclude displayed Chesta; no tolerance widening and no execution authorization.
GANN_JHORA_DOCTRINE_RECONCILIATION_V3,case_43_event_start,VENUS,dig,19.970000000,23.523582754,23.520000000,-3.553582754,-3.550000000,3.553582754,3.550000000,pyjhora_secondary_profile,fail,independent_dig_profile_residual,Diagnostic only. Luminary totals exclude displayed Chesta; no tolerance widening and no execution authorization.
GANN_JHORA_DOCTRINE_RECONCILIATION_V3,case_43_event_start,VENUS,chesta,53.600000000,25.948620868,53.530000000,27.651379132,0.070000000,27.651379132,0.070000000,pyjhora_secondary_profile,fail,mean_longitude_profile_mixed_requires_reconciliation,Diagnostic only. Luminary totals exclude displayed Chesta; no tolerance widening and no execution authorization.
GANN_JHORA_DOCTRINE_RECONCILIATION_V3,case_43_event_start,VENUS,naisargika,42.850000000,42.860000000,42.860000000,-0.010000000,-0.010000000,0.010000000,0.010000000,tie,pass,independent_naisargika_alignment,Diagnostic only. Luminary totals exclude displayed Chesta; no tolerance widening and no execution authorization.
GANN_JHORA_DOCTRINE_RECONCILIATION_V3,case_43_event_start,VENUS,drik,-8.840000000,-0.690000000,-0.690000000,-8.150000000,-8.150000000,8.150000000,8.150000000,tie,fail,independent_drik_profile_mismatch,Diagnostic only. Luminary totals exclude displayed Chesta; no tolerance widening and no execution authorization.
GANN_JHORA_DOCTRINE_RECONCILIATION_V3,case_43_event_start,VENUS,total,492.550000000,487.205756812,478.280000000,5.344243188,14.270000000,5.344243188,14.270000000,local_source_profile,fail,corrected_local_source_total,Diagnostic only. Luminary totals exclude displayed Chesta; no tolerance widening and no execution authorization.
GANN_JHORA_DOCTRINE_RECONCILIATION_V3,case_43_event_start,SATURN,sthana,105.980000000,115.976840043,105.970000000,-9.996840043,0.010000000,9.996840043,0.010000000,pyjhora_secondary_profile,fail,independent_sthana_profile_residual,Diagnostic only. Luminary totals exclude displayed Chesta; no tolerance widening and no execution authorization.
GANN_JHORA_DOCTRINE_RECONCILIATION_V3,case_43_event_start,SATURN,kaala,93.590000000,98.491941222,63.780000000,-4.901941222,29.810000000,4.901941222,29.810000000,local_source_profile,fail,local_source_profile_closer_requires_subcomponent_witness,Diagnostic only. Luminary totals exclude displayed Chesta; no tolerance widening and no execution authorization.
GANN_JHORA_DOCTRINE_RECONCILIATION_V3,case_43_event_start,SATURN,dig,10.530000000,10.531003438,10.530000000,-0.001003438,0.000000000,0.001003438,0.000000000,pyjhora_secondary_profile,pass,independent_dig_profile_residual,Diagnostic only. Luminary totals exclude displayed Chesta; no tolerance widening and no execution authorization.
GANN_JHORA_DOCTRINE_RECONCILIATION_V3,case_43_event_start,SATURN,chesta,5.280000000,5.088539932,5.240000000,0.191460068,0.040000000,0.191460068,0.040000000,pyjhora_secondary_profile,pass,mean_longitude_profile_mixed_requires_reconciliation,Diagnostic only. Luminary totals exclude displayed Chesta; no tolerance widening and no execution authorization.
GANN_JHORA_DOCTRINE_RECONCILIATION_V3,case_43_event_start,SATURN,naisargika,8.570000000,8.570000000,8.570000000,0.000000000,0.000000000,0.000000000,0.000000000,tie,pass,independent_naisargika_alignment,Diagnostic only. Luminary totals exclude displayed Chesta; no tolerance widening and no execution authorization.
GANN_JHORA_DOCTRINE_RECONCILIATION_V3,case_43_event_start,SATURN,drik,-9.030000000,-0.500000000,-0.500000000,-8.530000000,-8.530000000,8.530000000,8.530000000,tie,fail,independent_drik_profile_mismatch,Diagnostic only. Luminary totals exclude displayed Chesta; no tolerance widening and no execution authorization.
GANN_JHORA_DOCTRINE_RECONCILIATION_V3,case_43_event_start,SATURN,total,214.920000000,238.158324635,292.530000000,-23.238324635,-77.610000000,23.238324635,77.610000000,local_source_profile,fail,corrected_local_source_total,Diagnostic only. Luminary totals exclude displayed Chesta; no tolerance widening and no execution authorization.
GANN_JHORA_DOCTRINE_RECONCILIATION_V3,case_103_event_start,SUN,sthana,150.050000000,162.552577625,150.050000000,-12.502577625,0.000000000,12.502577625,0.000000000,pyjhora_secondary_profile,fail,independent_sthana_profile_residual,Diagnostic only. Luminary totals exclude displayed Chesta; no tolerance widening and no execution authorization.
GANN_JHORA_DOCTRINE_RECONCILIATION_V3,case_103_event_start,SUN,kaala,130.400000000,131.395759415,124.470000000,-0.995759415,5.930000000,0.995759415,5.930000000,local_source_profile,fail,local_source_profile_closer_requires_subcomponent_witness,Diagnostic only. Luminary totals exclude displayed Chesta; no tolerance widening and no execution authorization.
GANN_JHORA_DOCTRINE_RECONCILIATION_V3,case_103_event_start,SUN,dig,10.750000000,11.118480572,11.120000000,-0.368480572,-0.370000000,0.368480572,0.370000000,local_source_profile,pass,independent_dig_profile_residual,Diagnostic only. Luminary totals exclude displayed Chesta; no tolerance widening and no execution authorization.
GANN_JHORA_DOCTRINE_RECONCILIATION_V3,case_103_event_start,SUN,chesta,48.450000000,108.720065272,0.000000000,-60.270065272,48.450000000,60.270065272,48.450000000,pyjhora_secondary_profile,fail,luminary_display_only_excluded_from_total,Diagnostic only. Luminary totals exclude displayed Chesta; no tolerance widening and no execution authorization.
GANN_JHORA_DOCTRINE_RECONCILIATION_V3,case_103_event_start,SUN,naisargika,60.000000000,60.000000000,60.000000000,0.000000000,0.000000000,0.000000000,0.000000000,tie,pass,independent_naisargika_alignment,Diagnostic only. Luminary totals exclude displayed Chesta; no tolerance widening and no execution authorization.
GANN_JHORA_DOCTRINE_RECONCILIATION_V3,case_103_event_start,SUN,drik,-12.450000000,-4.430000000,-4.430000000,-8.020000000,-8.020000000,8.020000000,8.020000000,tie,fail,independent_drik_profile_mismatch,Diagnostic only. Luminary totals exclude displayed Chesta; no tolerance widening and no execution authorization.
GANN_JHORA_DOCTRINE_RECONCILIATION_V3,case_103_event_start,SUN,total,338.760000000,360.636817612,341.210000000,-21.876817612,-2.450000000,21.876817612,2.450000000,pyjhora_secondary_profile,fail,corrected_total_excludes_luminary_chesta,Diagnostic only. Luminary totals exclude displayed Chesta; no tolerance widening and no execution authorization.
GANN_JHORA_DOCTRINE_RECONCILIATION_V3,case_103_event_start,MOON,sthana,160.910000000,163.906349851,160.910000000,-2.996349851,0.000000000,2.996349851,0.000000000,pyjhora_secondary_profile,fail,independent_sthana_profile_residual,Diagnostic only. Luminary totals exclude displayed Chesta; no tolerance widening and no execution authorization.
GANN_JHORA_DOCTRINE_RECONCILIATION_V3,case_103_event_start,MOON,kaala,221.910000000,227.644737674,145.870000000,-5.734737674,76.040000000,5.734737674,76.040000000,local_source_profile,fail,local_source_profile_closer_requires_subcomponent_witness,Diagnostic only. Luminary totals exclude displayed Chesta; no tolerance widening and no execution authorization.
GANN_JHORA_DOCTRINE_RECONCILIATION_V3,case_103_event_start,MOON,dig,0.380000000,0.007113571,0.010000000,0.372886429,0.370000000,0.372886429,0.370000000,pyjhora_secondary_profile,pass,independent_dig_profile_residual,Diagnostic only. Luminary totals exclude displayed Chesta; no tolerance widening and no execution authorization.
GANN_JHORA_DOCTRINE_RECONCILIATION_V3,case_103_event_start,MOON,chesta,48.870000000,97.748811715,0.000000000,-48.878811715,48.870000000,48.878811715,48.870000000,pyjhora_secondary_profile,fail,luminary_display_only_excluded_from_total,Diagnostic only. Luminary totals exclude displayed Chesta; no tolerance widening and no execution authorization.
GANN_JHORA_DOCTRINE_RECONCILIATION_V3,case_103_event_start,MOON,naisargika,51.430000000,51.430000000,51.430000000,0.000000000,0.000000000,0.000000000,0.000000000,tie,pass,independent_naisargika_alignment,Diagnostic only. Luminary totals exclude displayed Chesta; no tolerance widening and no execution authorization.
GANN_JHORA_DOCTRINE_RECONCILIATION_V3,case_103_event_start,MOON,drik,-0.610000000,10.360000000,10.360000000,-10.970000000,-10.970000000,10.970000000,10.970000000,tie,fail,independent_drik_profile_mismatch,Diagnostic only. Luminary totals exclude displayed Chesta; no tolerance widening and no execution authorization.
GANN_JHORA_DOCTRINE_RECONCILIATION_V3,case_103_event_start,MOON,total,434.010000000,453.348201095,368.580000000,-19.338201095,65.430000000,19.338201095,65.430000000,local_source_profile,fail,corrected_total_excludes_luminary_chesta,Diagnostic only. Luminary totals exclude displayed Chesta; no tolerance widening and no execution authorization.
GANN_JHORA_DOCTRINE_RECONCILIATION_V3,case_103_event_start,MARS,sthana,160.210000000,155.706209915,160.200000000,4.503790085,0.010000000,4.503790085,0.010000000,pyjhora_secondary_profile,fail,independent_sthana_profile_residual,Diagnostic only. Luminary totals exclude displayed Chesta; no tolerance widening and no execution authorization.
GANN_JHORA_DOCTRINE_RECONCILIATION_V3,case_103_event_start,MARS,kaala,201.950000000,203.453472140,103.750000000,-1.503472140,98.200000000,1.503472140,98.200000000,local_source_profile,fail,local_source_profile_closer_requires_subcomponent_witness,Diagnostic only. Luminary totals exclude displayed Chesta; no tolerance widening and no execution authorization.
GANN_JHORA_DOCTRINE_RECONCILIATION_V3,case_103_event_start,MARS,dig,15.100000000,14.727887139,14.730000000,0.372112861,0.370000000,0.372112861,0.370000000,pyjhora_secondary_profile,pass,independent_dig_profile_residual,Diagnostic only. Luminary totals exclude displayed Chesta; no tolerance widening and no execution authorization.
GANN_JHORA_DOCTRINE_RECONCILIATION_V3,case_103_event_start,MARS,chesta,32.910000000,32.873012831,32.950000000,0.036987169,-0.040000000,0.036987169,0.040000000,local_source_profile,pass,mean_longitude_profile_mixed_requires_reconciliation,Diagnostic only. Luminary totals exclude displayed Chesta; no tolerance widening and no execution authorization.
GANN_JHORA_DOCTRINE_RECONCILIATION_V3,case_103_event_start,MARS,naisargika,17.140000000,17.140000000,17.140000000,0.000000000,0.000000000,0.000000000,0.000000000,tie,pass,independent_naisargika_alignment,Diagnostic only. Luminary totals exclude displayed Chesta; no tolerance widening and no execution authorization.
GANN_JHORA_DOCTRINE_RECONCILIATION_V3,case_103_event_start,MARS,drik,17.230000000,-1.730000000,-1.730000000,18.960000000,18.960000000,18.960000000,18.960000000,tie,fail,independent_drik_profile_mismatch,Diagnostic only. Luminary totals exclude displayed Chesta; no tolerance widening and no execution authorization.
GANN_JHORA_DOCTRINE_RECONCILIATION_V3,case_103_event_start,MARS,total,444.530000000,422.170582025,327.040000000,22.359417975,117.490000000,22.359417975,117.490000000,local_source_profile,fail,corrected_local_source_total,Diagnostic only. Luminary totals exclude displayed Chesta; no tolerance widening and no execution authorization.
GANN_JHORA_DOCTRINE_RECONCILIATION_V3,case_103_event_start,MERCURY,sthana,186.720000000,179.474014809,186.730000000,7.245985191,-0.010000000,7.245985191,0.010000000,pyjhora_secondary_profile,fail,independent_sthana_profile_residual,Diagnostic only. Luminary totals exclude displayed Chesta; no tolerance widening and no execution authorization.
GANN_JHORA_DOCTRINE_RECONCILIATION_V3,case_103_event_start,MERCURY,kaala,157.430000000,155.291425525,179.720000000,2.138574475,-22.290000000,2.138574475,22.290000000,local_source_profile,fail,local_source_profile_closer_requires_subcomponent_witness,Diagnostic only. Luminary totals exclude displayed Chesta; no tolerance widening and no execution authorization.
GANN_JHORA_DOCTRINE_RECONCILIATION_V3,case_103_event_start,MERCURY,dig,46.050000000,46.054137291,46.050000000,-0.004137291,0.000000000,0.004137291,0.000000000,pyjhora_secondary_profile,pass,independent_dig_profile_residual,Diagnostic only. Luminary totals exclude displayed Chesta; no tolerance widening and no execution authorization.
GANN_JHORA_DOCTRINE_RECONCILIATION_V3,case_103_event_start,MERCURY,chesta,7.290000000,4.411805715,7.260000000,2.878194285,0.030000000,2.878194285,0.030000000,pyjhora_secondary_profile,fail,mean_longitude_profile_mixed_requires_reconciliation,Diagnostic only. Luminary totals exclude displayed Chesta; no tolerance widening and no execution authorization.
GANN_JHORA_DOCTRINE_RECONCILIATION_V3,case_103_event_start,MERCURY,naisargika,25.700000000,25.710000000,25.710000000,-0.010000000,-0.010000000,0.010000000,0.010000000,tie,pass,independent_naisargika_alignment,Diagnostic only. Luminary totals exclude displayed Chesta; no tolerance widening and no execution authorization.
GANN_JHORA_DOCTRINE_RECONCILIATION_V3,case_103_event_start,MERCURY,drik,-4.330000000,-10.250000000,-10.250000000,5.920000000,5.920000000,5.920000000,5.920000000,tie,fail,independent_drik_profile_mismatch,Diagnostic only. Luminary totals exclude displayed Chesta; no tolerance widening and no execution authorization.
GANN_JHORA_DOCTRINE_RECONCILIATION_V3,case_103_event_start,MERCURY,total,418.860000000,400.691383339,435.220000000,18.168616661,-16.360000000,18.168616661,16.360000000,pyjhora_secondary_profile,fail,corrected_local_source_total,Diagnostic only. Luminary totals exclude displayed Chesta; no tolerance widening and no execution authorization.
GANN_JHORA_DOCTRINE_RECONCILIATION_V3,case_103_event_start,JUPITER,sthana,236.390000000,243.886357357,236.390000000,-7.496357357,0.000000000,7.496357357,0.000000000,pyjhora_secondary_profile,fail,independent_sthana_profile_residual,Diagnostic only. Luminary totals exclude displayed Chesta; no tolerance widening and no execution authorization.
GANN_JHORA_DOCTRINE_RECONCILIATION_V3,case_103_event_start,JUPITER,kaala,284.240000000,284.992841595,262.820000000,-0.752841595,21.420000000,0.752841595,21.420000000,local_source_profile,fail,local_source_profile_closer_requires_subcomponent_witness,Diagnostic only. Luminary totals exclude displayed Chesta; no tolerance widening and no execution authorization.
GANN_JHORA_DOCTRINE_RECONCILIATION_V3,case_103_event_start,JUPITER,dig,30.980000000,30.975128076,30.970000000,0.004871924,0.010000000,0.004871924,0.010000000,local_source_profile,pass,independent_dig_profile_residual,Diagnostic only. Luminary totals exclude displayed Chesta; no tolerance widening and no execution authorization.
GANN_JHORA_DOCTRINE_RECONCILIATION_V3,case_103_event_start,JUPITER,chesta,10.780000000,10.346475250,10.820000000,0.433524750,-0.040000000,0.433524750,0.040000000,pyjhora_secondary_profile,pass,mean_longitude_profile_mixed_requires_reconciliation,Diagnostic only. Luminary totals exclude displayed Chesta; no tolerance widening and no execution authorization.
GANN_JHORA_DOCTRINE_RECONCILIATION_V3,case_103_event_start,JUPITER,naisargika,34.280000000,34.290000000,34.290000000,-0.010000000,-0.010000000,0.010000000,0.010000000,tie,pass,independent_naisargika_alignment,Diagnostic only. Luminary totals exclude displayed Chesta; no tolerance widening and no execution authorization.
GANN_JHORA_DOCTRINE_RECONCILIATION_V3,case_103_event_start,JUPITER,drik,10.280000000,-25.110000000,-25.110000000,35.390000000,35.390000000,35.390000000,35.390000000,tie,fail,independent_drik_profile_mismatch,Diagnostic only. Luminary totals exclude displayed Chesta; no tolerance widening and no execution authorization.
GANN_JHORA_DOCTRINE_RECONCILIATION_V3,case_103_event_start,JUPITER,total,606.940000000,579.380802278,550.180000000,27.559197722,56.760000000,27.559197722,56.760000000,local_source_profile,fail,corrected_local_source_total,Diagnostic only. Luminary totals exclude displayed Chesta; no tolerance widening and no execution authorization.
GANN_JHORA_DOCTRINE_RECONCILIATION_V3,case_103_event_start,VENUS,sthana,229.380000000,236.876222896,229.380000000,-7.496222896,0.000000000,7.496222896,0.000000000,pyjhora_secondary_profile,fail,independent_sthana_profile_residual,Diagnostic only. Luminary totals exclude displayed Chesta; no tolerance widening and no execution authorization.
GANN_JHORA_DOCTRINE_RECONCILIATION_V3,case_103_event_start,VENUS,kaala,94.970000000,94.659811437,181.140000000,0.310188563,-86.170000000,0.310188563,86.170000000,local_source_profile,pass,local_source_profile_closer_requires_subcomponent_witness,Diagnostic only. Luminary totals exclude displayed Chesta; no tolerance widening and no execution authorization.
GANN_JHORA_DOCTRINE_RECONCILIATION_V3,case_103_event_start,VENUS,dig,34.350000000,33.976986616,33.980000000,0.373013384,0.370000000,0.373013384,0.370000000,pyjhora_secondary_profile,pass,independent_dig_profile_residual,Diagnostic only. Luminary totals exclude displayed Chesta; no tolerance widening and no execution authorization.
GANN_JHORA_DOCTRINE_RECONCILIATION_V3,case_103_event_start,VENUS,chesta,19.520000000,17.123245969,19.590000000,2.396754031,-0.070000000,2.396754031,0.070000000,pyjhora_secondary_profile,fail,mean_longitude_profile_mixed_requires_reconciliation,Diagnostic only. Luminary totals exclude displayed Chesta; no tolerance widening and no execution authorization.
GANN_JHORA_DOCTRINE_RECONCILIATION_V3,case_103_event_start,VENUS,naisargika,42.850000000,42.860000000,42.860000000,-0.010000000,-0.010000000,0.010000000,0.010000000,tie,pass,independent_naisargika_alignment,Diagnostic only. Luminary totals exclude displayed Chesta; no tolerance widening and no execution authorization.
GANN_JHORA_DOCTRINE_RECONCILIATION_V3,case_103_event_start,VENUS,drik,3.450000000,-19.540000000,-19.540000000,22.990000000,22.990000000,22.990000000,22.990000000,tie,fail,independent_drik_profile_mismatch,Diagnostic only. Luminary totals exclude displayed Chesta; no tolerance widening and no execution authorization.
GANN_JHORA_DOCTRINE_RECONCILIATION_V3,case_103_event_start,VENUS,total,424.510000000,405.956266919,487.410000000,18.553733081,-62.900000000,18.553733081,62.900000000,local_source_profile,fail,corrected_local_source_total,Diagnostic only. Luminary totals exclude displayed Chesta; no tolerance widening and no execution authorization.
GANN_JHORA_DOCTRINE_RECONCILIATION_V3,case_103_event_start,SATURN,sthana,172.010000000,179.510302833,172.010000000,-7.500302833,0.000000000,7.500302833,0.000000000,pyjhora_secondary_profile,fail,independent_sthana_profile_residual,Diagnostic only. Luminary totals exclude displayed Chesta; no tolerance widening and no execution authorization.
GANN_JHORA_DOCTRINE_RECONCILIATION_V3,case_103_event_start,SATURN,kaala,90.650000000,92.367552157,53.990000000,-1.717552157,36.660000000,1.717552157,36.660000000,local_source_profile,fail,local_source_profile_closer_requires_subcomponent_witness,Diagnostic only. Luminary totals exclude displayed Chesta; no tolerance widening and no execution authorization.
GANN_JHORA_DOCTRINE_RECONCILIATION_V3,case_103_event_start,SATURN,dig,0.630000000,0.628211734,0.630000000,0.001788266,0.000000000,0.001788266,0.000000000,pyjhora_secondary_profile,pass,independent_dig_profile_residual,Diagnostic only. Luminary totals exclude displayed Chesta; no tolerance widening and no execution authorization.
GANN_JHORA_DOCTRINE_RECONCILIATION_V3,case_103_event_start,SATURN,chesta,18.060000000,17.866431081,101.980000000,0.193568919,-83.920000000,0.193568919,83.920000000,local_source_profile,pass,mean_longitude_profile_mixed_requires_reconciliation,Diagnostic only. Luminary totals exclude displayed Chesta; no tolerance widening and no execution authorization.
GANN_JHORA_DOCTRINE_RECONCILIATION_V3,case_103_event_start,SATURN,naisargika,8.570000000,8.570000000,8.570000000,0.000000000,0.000000000,0.000000000,0.000000000,tie,pass,independent_naisargika_alignment,Diagnostic only. Luminary totals exclude displayed Chesta; no tolerance widening and no execution authorization.
GANN_JHORA_DOCTRINE_RECONCILIATION_V3,case_103_event_start,SATURN,drik,3.450000000,-20.930000000,-20.930000000,24.380000000,24.380000000,24.380000000,24.380000000,tie,fail,independent_drik_profile_mismatch,Diagnostic only. Luminary totals exclude displayed Chesta; no tolerance widening and no execution authorization.
GANN_JHORA_DOCTRINE_RECONCILIATION_V3,case_103_event_start,SATURN,total,293.370000000,278.012497805,316.250000000,15.357502195,-22.880000000,15.357502195,22.880000000,local_source_profile,fail,corrected_local_source_total,Diagnostic only. Luminary totals exclude displayed Chesta; no tolerance widening and no execution authorization.
GANN_JHORA_DOCTRINE_RECONCILIATION_V3,case_127_sr_touch_start,SUN,sthana,142.140000000,147.390822375,142.140000000,-5.250822375,0.000000000,5.250822375,0.000000000,pyjhora_secondary_profile,fail,independent_sthana_profile_residual,Diagnostic only. Luminary totals exclude displayed Chesta; no tolerance widening and no execution authorization.
GANN_JHORA_DOCTRINE_RECONCILIATION_V3,case_127_sr_touch_start,SUN,kaala,176.960000000,176.998560362,197.300000000,-0.038560362,-20.340000000,0.038560362,20.340000000,local_source_profile,pass,local_source_profile_closer_requires_subcomponent_witness,Diagnostic only. Luminary totals exclude displayed Chesta; no tolerance widening and no execution authorization.
GANN_JHORA_DOCTRINE_RECONCILIATION_V3,case_127_sr_touch_start,SUN,dig,9.380000000,8.575525888,8.570000000,0.804474112,0.810000000,0.804474112,0.810000000,local_source_profile,fail,independent_dig_profile_residual,Diagnostic only. Luminary totals exclude displayed Chesta; no tolerance widening and no execution authorization.
GANN_JHORA_DOCTRINE_RECONCILIATION_V3,case_127_sr_touch_start,SUN,chesta,52.610000000,115.204659232,0.000000000,-62.594659232,52.610000000,62.594659232,52.610000000,pyjhora_secondary_profile,fail,luminary_display_only_excluded_from_total,Diagnostic only. Luminary totals exclude displayed Chesta; no tolerance widening and no execution authorization.
GANN_JHORA_DOCTRINE_RECONCILIATION_V3,case_127_sr_touch_start,SUN,naisargika,60.000000000,60.000000000,60.000000000,0.000000000,0.000000000,0.000000000,0.000000000,tie,pass,independent_naisargika_alignment,Diagnostic only. Luminary totals exclude displayed Chesta; no tolerance widening and no execution authorization.
GANN_JHORA_DOCTRINE_RECONCILIATION_V3,case_127_sr_touch_start,SUN,drik,-13.570000000,-16.320000000,-16.320000000,2.750000000,2.750000000,2.750000000,2.750000000,tie,fail,independent_drik_profile_mismatch,Diagnostic only. Luminary totals exclude displayed Chesta; no tolerance widening and no execution authorization.
GANN_JHORA_DOCTRINE_RECONCILIATION_V3,case_127_sr_touch_start,SUN,total,374.910000000,376.644908625,391.690000000,-1.734908625,-16.780000000,1.734908625,16.780000000,local_source_profile,fail,corrected_total_excludes_luminary_chesta,Diagnostic only. Luminary totals exclude displayed Chesta; no tolerance widening and no execution authorization.
GANN_JHORA_DOCTRINE_RECONCILIATION_V3,case_127_sr_touch_start,MOON,sthana,273.800000000,263.801290172,273.800000000,9.998709828,0.000000000,9.998709828,0.000000000,pyjhora_secondary_profile,fail,independent_sthana_profile_residual,Diagnostic only. Luminary totals exclude displayed Chesta; no tolerance widening and no execution authorization.
GANN_JHORA_DOCTRINE_RECONCILIATION_V3,case_127_sr_touch_start,MOON,kaala,171.140000000,171.437502260,60.220000000,-0.297502260,110.920000000,0.297502260,110.920000000,local_source_profile,pass,local_source_profile_closer_requires_subcomponent_witness,Diagnostic only. Luminary totals exclude displayed Chesta; no tolerance widening and no execution authorization.
GANN_JHORA_DOCTRINE_RECONCILIATION_V3,case_127_sr_touch_start,MOON,dig,57.880000000,58.680672982,58.680000000,-0.800672982,-0.800000000,0.800672982,0.800000000,pyjhora_secondary_profile,fail,independent_dig_profile_residual,Diagnostic only. Luminary totals exclude displayed Chesta; no tolerance widening and no execution authorization.
GANN_JHORA_DOCTRINE_RECONCILIATION_V3,case_127_sr_touch_start,MOON,chesta,7.260000000,105.487602260,0.000000000,-98.227602260,7.260000000,98.227602260,7.260000000,pyjhora_secondary_profile,fail,luminary_display_only_excluded_from_total,Diagnostic only. Luminary totals exclude displayed Chesta; no tolerance widening and no execution authorization.
GANN_JHORA_DOCTRINE_RECONCILIATION_V3,case_127_sr_touch_start,MOON,naisargika,51.430000000,51.430000000,51.430000000,0.000000000,0.000000000,0.000000000,0.000000000,tie,pass,independent_naisargika_alignment,Diagnostic only. Luminary totals exclude displayed Chesta; no tolerance widening and no execution authorization.
GANN_JHORA_DOCTRINE_RECONCILIATION_V3,case_127_sr_touch_start,MOON,drik,-5.720000000,-16.630000000,-16.630000000,10.910000000,10.910000000,10.910000000,10.910000000,tie,fail,independent_drik_profile_mismatch,Diagnostic only. Luminary totals exclude displayed Chesta; no tolerance widening and no execution authorization.
GANN_JHORA_DOCTRINE_RECONCILIATION_V3,case_127_sr_touch_start,MOON,total,548.530000000,528.719465414,430.140000000,19.810534586,118.390000000,19.810534586,118.390000000,local_source_profile,fail,corrected_total_excludes_luminary_chesta,Diagnostic only. Luminary totals exclude displayed Chesta; no tolerance widening and no execution authorization.
GANN_JHORA_DOCTRINE_RECONCILIATION_V3,case_127_sr_touch_start,MARS,sthana,172.990000000,163.487443710,172.990000000,9.502556290,0.000000000,9.502556290,0.000000000,pyjhora_secondary_profile,fail,independent_sthana_profile_residual,Diagnostic only. Luminary totals exclude displayed Chesta; no tolerance widening and no execution authorization.
GANN_JHORA_DOCTRINE_RECONCILIATION_V3,case_127_sr_touch_start,MARS,kaala,242.360000000,244.753367422,162.660000000,-2.393367422,79.700000000,2.393367422,79.700000000,local_source_profile,fail,local_source_profile_closer_requires_subcomponent_witness,Diagnostic only. Luminary totals exclude displayed Chesta; no tolerance widening and no execution authorization.
GANN_JHORA_DOCTRINE_RECONCILIATION_V3,case_127_sr_touch_start,MARS,dig,14.530000000,15.327852778,15.330000000,-0.797852778,-0.800000000,0.797852778,0.800000000,local_source_profile,fail,independent_dig_profile_residual,Diagnostic only. Luminary totals exclude displayed Chesta; no tolerance widening and no execution authorization.
GANN_JHORA_DOCTRINE_RECONCILIATION_V3,case_127_sr_touch_start,MARS,chesta,30.880000000,30.852189333,30.670000000,0.027810667,0.210000000,0.027810667,0.210000000,local_source_profile,pass,mean_longitude_profile_mixed_requires_reconciliation,Diagnostic only. Luminary totals exclude displayed Chesta; no tolerance widening and no execution authorization.
GANN_JHORA_DOCTRINE_RECONCILIATION_V3,case_127_sr_touch_start,MARS,naisargika,17.140000000,17.140000000,17.140000000,0.000000000,0.000000000,0.000000000,0.000000000,tie,pass,independent_naisargika_alignment,Diagnostic only. Luminary totals exclude displayed Chesta; no tolerance widening and no execution authorization.
GANN_JHORA_DOCTRINE_RECONCILIATION_V3,case_127_sr_touch_start,MARS,drik,-8.480000000,-3.500000000,-3.490000000,-4.980000000,-4.990000000,4.980000000,4.990000000,local_source_profile,fail,independent_drik_profile_mismatch,Diagnostic only. Luminary totals exclude displayed Chesta; no tolerance widening and no execution authorization.
GANN_JHORA_DOCTRINE_RECONCILIATION_V3,case_127_sr_touch_start,MARS,total,469.420000000,468.060853242,395.300000000,1.359146758,74.120000000,1.359146758,74.120000000,local_source_profile,fail,corrected_local_source_total,Diagnostic only. Luminary totals exclude displayed Chesta; no tolerance widening and no execution authorization.
GANN_JHORA_DOCTRINE_RECONCILIATION_V3,case_127_sr_touch_start,MERCURY,sthana,191.830000000,189.329069118,191.830000000,2.500930882,0.000000000,2.500930882,0.000000000,pyjhora_secondary_profile,fail,independent_sthana_profile_residual,Diagnostic only. Luminary totals exclude displayed Chesta; no tolerance widening and no execution authorization.
GANN_JHORA_DOCTRINE_RECONCILIATION_V3,case_127_sr_touch_start,MERCURY,kaala,274.780000000,275.348331817,214.980000000,-0.568331817,59.800000000,0.568331817,59.800000000,local_source_profile,fail,local_source_profile_closer_requires_subcomponent_witness,Diagnostic only. Luminary totals exclude displayed Chesta; no tolerance widening and no execution authorization.
GANN_JHORA_DOCTRINE_RECONCILIATION_V3,case_127_sr_touch_start,MERCURY,dig,39.990000000,39.988612762,39.980000000,0.001387238,0.010000000,0.001387238,0.010000000,local_source_profile,pass,independent_dig_profile_residual,Diagnostic only. Luminary totals exclude displayed Chesta; no tolerance widening and no execution authorization.
GANN_JHORA_DOCTRINE_RECONCILIATION_V3,case_127_sr_touch_start,MERCURY,chesta,3.870000000,0.013161313,3.890000000,3.856838687,-0.020000000,3.856838687,0.020000000,pyjhora_secondary_profile,fail,mean_longitude_profile_mixed_requires_reconciliation,Diagnostic only. Luminary totals exclude displayed Chesta; no tolerance widening and no execution authorization.
GANN_JHORA_DOCTRINE_RECONCILIATION_V3,case_127_sr_touch_start,MERCURY,naisargika,25.700000000,25.710000000,25.710000000,-0.010000000,-0.010000000,0.010000000,0.010000000,tie,pass,independent_naisargika_alignment,Diagnostic only. Luminary totals exclude displayed Chesta; no tolerance widening and no execution authorization.
GANN_JHORA_DOCTRINE_RECONCILIATION_V3,case_127_sr_touch_start,MERCURY,drik,-14.260000000,-16.320000000,-16.320000000,2.060000000,2.060000000,2.060000000,2.060000000,tie,fail,independent_drik_profile_mismatch,Diagnostic only. Luminary totals exclude displayed Chesta; no tolerance widening and no execution authorization.
GANN_JHORA_DOCTRINE_RECONCILIATION_V3,case_127_sr_touch_start,MERCURY,total,521.910000000,514.069175010,460.070000000,7.840824990,61.840000000,7.840824990,61.840000000,local_source_profile,fail,corrected_local_source_total,Diagnostic only. Luminary totals exclude displayed Chesta; no tolerance widening and no execution authorization.
GANN_JHORA_DOCTRINE_RECONCILIATION_V3,case_127_sr_touch_start,JUPITER,sthana,237.330000000,239.831541467,237.330000000,-2.501541467,0.000000000,2.501541467,0.000000000,pyjhora_secondary_profile,fail,independent_sthana_profile_residual,Diagnostic only. Luminary totals exclude displayed Chesta; no tolerance widening and no execution authorization.
GANN_JHORA_DOCTRINE_RECONCILIATION_V3,case_127_sr_touch_start,JUPITER,kaala,136.450000000,136.018903992,156.490000000,0.431096008,-20.040000000,0.431096008,20.040000000,local_source_profile,pass,local_source_profile_closer_requires_subcomponent_witness,Diagnostic only. Luminary totals exclude displayed Chesta; no tolerance widening and no execution authorization.
GANN_JHORA_DOCTRINE_RECONCILIATION_V3,case_127_sr_touch_start,JUPITER,dig,32.820000000,32.819473746,32.820000000,0.000526254,0.000000000,0.000526254,0.000000000,pyjhora_secondary_profile,pass,independent_dig_profile_residual,Diagnostic only. Luminary totals exclude displayed Chesta; no tolerance widening and no execution authorization.
GANN_JHORA_DOCTRINE_RECONCILIATION_V3,case_127_sr_touch_start,JUPITER,chesta,7.160000000,6.734825532,7.210000000,0.425174468,-0.050000000,0.425174468,0.050000000,pyjhora_secondary_profile,pass,mean_longitude_profile_mixed_requires_reconciliation,Diagnostic only. Luminary totals exclude displayed Chesta; no tolerance widening and no execution authorization.
GANN_JHORA_DOCTRINE_RECONCILIATION_V3,case_127_sr_touch_start,JUPITER,naisargika,34.280000000,34.290000000,34.290000000,-0.010000000,-0.010000000,0.010000000,0.010000000,tie,pass,independent_naisargika_alignment,Diagnostic only. Luminary totals exclude displayed Chesta; no tolerance widening and no execution authorization.
GANN_JHORA_DOCTRINE_RECONCILIATION_V3,case_127_sr_touch_start,JUPITER,drik,-6.510000000,-16.630000000,-16.630000000,10.120000000,10.120000000,10.120000000,10.120000000,tie,fail,independent_drik_profile_mismatch,Diagnostic only. Luminary totals exclude displayed Chesta; no tolerance widening and no execution authorization.
GANN_JHORA_DOCTRINE_RECONCILIATION_V3,case_127_sr_touch_start,JUPITER,total,441.540000000,433.064744737,451.510000000,8.475255263,-9.970000000,8.475255263,9.970000000,local_source_profile,fail,corrected_local_source_total,Diagnostic only. Luminary totals exclude displayed Chesta; no tolerance widening and no execution authorization.
GANN_JHORA_DOCTRINE_RECONCILIATION_V3,case_127_sr_touch_start,VENUS,sthana,231.830000000,237.326324584,231.830000000,-5.496324584,0.000000000,5.496324584,0.000000000,pyjhora_secondary_profile,fail,independent_sthana_profile_residual,Diagnostic only. Luminary totals exclude displayed Chesta; no tolerance widening and no execution authorization.
GANN_JHORA_DOCTRINE_RECONCILIATION_V3,case_127_sr_touch_start,VENUS,kaala,57.500000000,54.843044189,175.700000000,2.656955811,-118.200000000,2.656955811,118.200000000,local_source_profile,fail,local_source_profile_closer_requires_subcomponent_witness,Diagnostic only. Luminary totals exclude displayed Chesta; no tolerance widening and no execution authorization.
GANN_JHORA_DOCTRINE_RECONCILIATION_V3,case_127_sr_touch_start,VENUS,dig,35.360000000,36.155638570,36.160000000,-0.795638570,-0.800000000,0.795638570,0.800000000,local_source_profile,fail,independent_dig_profile_residual,Diagnostic only. Luminary totals exclude displayed Chesta; no tolerance widening and no execution authorization.
GANN_JHORA_DOCTRINE_RECONCILIATION_V3,case_127_sr_touch_start,VENUS,chesta,22.430000000,15.556359353,22.490000000,6.873640647,-0.060000000,6.873640647,0.060000000,pyjhora_secondary_profile,fail,mean_longitude_profile_mixed_requires_reconciliation,Diagnostic only. Luminary totals exclude displayed Chesta; no tolerance widening and no execution authorization.
GANN_JHORA_DOCTRINE_RECONCILIATION_V3,case_127_sr_touch_start,VENUS,naisargika,42.850000000,42.860000000,42.860000000,-0.010000000,-0.010000000,0.010000000,0.010000000,tie,pass,independent_naisargika_alignment,Diagnostic only. Luminary totals exclude displayed Chesta; no tolerance widening and no execution authorization.
GANN_JHORA_DOCTRINE_RECONCILIATION_V3,case_127_sr_touch_start,VENUS,drik,-7.450000000,-5.560000000,-5.560000000,-1.890000000,-1.890000000,1.890000000,1.890000000,tie,fail,independent_drik_profile_mismatch,Diagnostic only. Luminary totals exclude displayed Chesta; no tolerance widening and no execution authorization.
GANN_JHORA_DOCTRINE_RECONCILIATION_V3,case_127_sr_touch_start,VENUS,total,382.510000000,381.181366697,503.480000000,1.328633303,-120.970000000,1.328633303,120.970000000,local_source_profile,fail,corrected_local_source_total,Diagnostic only. Luminary totals exclude displayed Chesta; no tolerance widening and no execution authorization.
GANN_JHORA_DOCTRINE_RECONCILIATION_V3,case_127_sr_touch_start,SATURN,sthana,171.670000000,174.169004556,171.670000000,-2.499004556,0.000000000,2.499004556,0.000000000,pyjhora_secondary_profile,fail,independent_sthana_profile_residual,Diagnostic only. Luminary totals exclude displayed Chesta; no tolerance widening and no execution authorization.
GANN_JHORA_DOCTRINE_RECONCILIATION_V3,case_127_sr_touch_start,SATURN,kaala,133.120000000,136.019726739,113.590000000,-2.899726739,19.530000000,2.899726739,19.530000000,local_source_profile,fail,local_source_profile_closer_requires_subcomponent_witness,Diagnostic only. Luminary totals exclude displayed Chesta; no tolerance widening and no execution authorization.
GANN_JHORA_DOCTRINE_RECONCILIATION_V3,case_127_sr_touch_start,SATURN,dig,1.820000000,1.820019769,1.820000000,-0.000019769,0.000000000,0.000019769,0.000000000,pyjhora_secondary_profile,pass,independent_dig_profile_residual,Diagnostic only. Luminary totals exclude displayed Chesta; no tolerance widening and no execution authorization.
GANN_JHORA_DOCTRINE_RECONCILIATION_V3,case_127_sr_touch_start,SATURN,chesta,22.080000000,21.887471839,97.960000000,0.192528161,-75.880000000,0.192528161,75.880000000,local_source_profile,pass,mean_longitude_profile_mixed_requires_reconciliation,Diagnostic only. Luminary totals exclude displayed Chesta; no tolerance widening and no execution authorization.
GANN_JHORA_DOCTRINE_RECONCILIATION_V3,case_127_sr_touch_start,SATURN,naisargika,8.570000000,8.570000000,8.570000000,0.000000000,0.000000000,0.000000000,0.000000000,tie,pass,independent_naisargika_alignment,Diagnostic only. Luminary totals exclude displayed Chesta; no tolerance widening and no execution authorization.
GANN_JHORA_DOCTRINE_RECONCILIATION_V3,case_127_sr_touch_start,SATURN,drik,-14.130000000,-8.220000000,-8.230000000,-5.910000000,-5.900000000,5.910000000,5.900000000,pyjhora_secondary_profile,fail,independent_drik_profile_mismatch,Diagnostic only. Luminary totals exclude displayed Chesta; no tolerance widening and no execution authorization.
GANN_JHORA_DOCTRINE_RECONCILIATION_V3,case_127_sr_touch_start,SATURN,total,323.140000000,334.246222903,385.380000000,-11.106222903,-62.240000000,11.106222903,62.240000000,local_source_profile,fail,corrected_local_source_total,Diagnostic only. Luminary totals exclude displayed Chesta; no tolerance widening and no execution authorization.
GANN_JHORA_DOCTRINE_RECONCILIATION_V3,gann_reference_tokyo,SUN,sthana,179.590000000,180.089653835,179.590000000,-0.499653835,0.000000000,0.499653835,0.000000000,pyjhora_secondary_profile,pass,independent_sthana_profile_residual,Diagnostic only. Luminary totals exclude displayed Chesta; no tolerance widening and no execution authorization.
GANN_JHORA_DOCTRINE_RECONCILIATION_V3,gann_reference_tokyo,SUN,kaala,108.160000000,105.429721302,63.490000000,2.730278698,44.670000000,2.730278698,44.670000000,local_source_profile,fail,local_source_profile_closer_requires_subcomponent_witness,Diagnostic only. Luminary totals exclude displayed Chesta; no tolerance widening and no execution authorization.
GANN_JHORA_DOCTRINE_RECONCILIATION_V3,gann_reference_tokyo,SUN,dig,2.150000000,0.353701253,0.350000000,1.796298747,1.800000000,1.796298747,1.800000000,local_source_profile,fail,independent_dig_profile_residual,Diagnostic only. Luminary totals exclude displayed Chesta; no tolerance widening and no execution authorization.
GANN_JHORA_DOCTRINE_RECONCILIATION_V3,gann_reference_tokyo,SUN,chesta,18.090000000,23.817801497,0.000000000,-5.727801497,18.090000000,5.727801497,18.090000000,local_source_profile,fail,luminary_display_only_excluded_from_total,Diagnostic only. Luminary totals exclude displayed Chesta; no tolerance widening and no execution authorization.
GANN_JHORA_DOCTRINE_RECONCILIATION_V3,gann_reference_tokyo,SUN,naisargika,60.000000000,60.000000000,60.000000000,0.000000000,0.000000000,0.000000000,0.000000000,tie,pass,independent_naisargika_alignment,Diagnostic only. Luminary totals exclude displayed Chesta; no tolerance widening and no execution authorization.
GANN_JHORA_DOCTRINE_RECONCILIATION_V3,gann_reference_tokyo,SUN,drik,-4.160000000,-4.160000000,-4.160000000,0.000000000,0.000000000,0.000000000,0.000000000,tie,pass,independent_drik_profile_mismatch,Diagnostic only. Luminary totals exclude displayed Chesta; no tolerance widening and no execution authorization.
GANN_JHORA_DOCTRINE_RECONCILIATION_V3,gann_reference_tokyo,SUN,total,345.750000000,341.713076391,299.270000000,4.036923609,46.480000000,4.036923609,46.480000000,local_source_profile,fail,corrected_total_excludes_luminary_chesta,Diagnostic only. Luminary totals exclude displayed Chesta; no tolerance widening and no execution authorization.
GANN_JHORA_DOCTRINE_RECONCILIATION_V3,gann_reference_tokyo,MOON,sthana,133.140000000,145.638832636,133.140000000,-12.498832636,0.000000000,12.498832636,0.000000000,pyjhora_secondary_profile,fail,independent_sthana_profile_residual,Diagnostic only. Luminary totals exclude displayed Chesta; no tolerance widening and no execution authorization.
GANN_JHORA_DOCTRINE_RECONCILIATION_V3,gann_reference_tokyo,MOON,kaala,198.150000000,201.880349752,220.820000000,-3.730349752,-22.670000000,3.730349752,22.670000000,local_source_profile,fail,local_source_profile_closer_requires_subcomponent_witness,Diagnostic only. Luminary totals exclude displayed Chesta; no tolerance widening and no execution authorization.
GANN_JHORA_DOCTRINE_RECONCILIATION_V3,gann_reference_tokyo,MOON,dig,17.910000000,20.415521058,20.410000000,-2.505521058,-2.500000000,2.505521058,2.500000000,pyjhora_secondary_profile,fail,independent_dig_profile_residual,Diagnostic only. Luminary totals exclude displayed Chesta; no tolerance widening and no execution authorization.
GANN_JHORA_DOCTRINE_RECONCILIATION_V3,gann_reference_tokyo,MOON,chesta,39.940000000,79.876360391,0.000000000,-39.936360391,39.940000000,39.936360391,39.940000000,local_source_profile,fail,luminary_display_only_excluded_from_total,Diagnostic only. Luminary totals exclude displayed Chesta; no tolerance widening and no execution authorization.
GANN_JHORA_DOCTRINE_RECONCILIATION_V3,gann_reference_tokyo,MOON,naisargika,51.430000000,51.430000000,51.430000000,0.000000000,0.000000000,0.000000000,0.000000000,tie,pass,independent_naisargika_alignment,Diagnostic only. Luminary totals exclude displayed Chesta; no tolerance widening and no execution authorization.
GANN_JHORA_DOCTRINE_RECONCILIATION_V3,gann_reference_tokyo,MOON,drik,-12.420000000,-9.030000000,-9.030000000,-3.390000000,-3.390000000,3.390000000,3.390000000,tie,fail,independent_drik_profile_mismatch,Diagnostic only. Luminary totals exclude displayed Chesta; no tolerance widening and no execution authorization.
GANN_JHORA_DOCTRINE_RECONCILIATION_V3,gann_reference_tokyo,MOON,total,388.210000000,410.334703446,416.770000000,-22.124703446,-28.560000000,22.124703446,28.560000000,local_source_profile,fail,corrected_total_excludes_luminary_chesta,Diagnostic only. Luminary totals exclude displayed Chesta; no tolerance widening and no execution authorization.
GANN_JHORA_DOCTRINE_RECONCILIATION_V3,gann_reference_tokyo,MARS,sthana,224.250000000,217.002135673,224.250000000,7.247864327,0.000000000,7.247864327,0.000000000,pyjhora_secondary_profile,fail,independent_sthana_profile_residual,Diagnostic only. Luminary totals exclude displayed Chesta; no tolerance widening and no execution authorization.
GANN_JHORA_DOCTRINE_RECONCILIATION_V3,gann_reference_tokyo,MARS,kaala,136.400000000,135.141475353,97.720000000,1.258524647,38.680000000,1.258524647,38.680000000,local_source_profile,fail,local_source_profile_closer_requires_subcomponent_witness,Diagnostic only. Luminary totals exclude displayed Chesta; no tolerance widening and no execution authorization.
GANN_JHORA_DOCTRINE_RECONCILIATION_V3,gann_reference_tokyo,MARS,dig,13.060000000,10.554509239,10.560000000,2.505490761,2.500000000,2.505490761,2.500000000,pyjhora_secondary_profile,fail,independent_dig_profile_residual,Diagnostic only. Luminary totals exclude displayed Chesta; no tolerance widening and no execution authorization.
GANN_JHORA_DOCTRINE_RECONCILIATION_V3,gann_reference_tokyo,MARS,chesta,5.040000000,13.608899777,12.740000000,-8.568899777,-7.700000000,8.568899777,7.700000000,pyjhora_secondary_profile,fail,mean_longitude_profile_mixed_requires_reconciliation,Diagnostic only. Luminary totals exclude displayed Chesta; no tolerance widening and no execution authorization.
GANN_JHORA_DOCTRINE_RECONCILIATION_V3,gann_reference_tokyo,MARS,naisargika,17.140000000,17.140000000,17.140000000,0.000000000,0.000000000,0.000000000,0.000000000,tie,pass,independent_naisargika_alignment,Diagnostic only. Luminary totals exclude displayed Chesta; no tolerance widening and no execution authorization.
GANN_JHORA_DOCTRINE_RECONCILIATION_V3,gann_reference_tokyo,MARS,drik,2.590000000,2.590000000,2.590000000,0.000000000,0.000000000,0.000000000,0.000000000,tie,pass,independent_drik_profile_mismatch,Diagnostic only. Luminary totals exclude displayed Chesta; no tolerance widening and no execution authorization.
GANN_JHORA_DOCTRINE_RECONCILIATION_V3,gann_reference_tokyo,MARS,total,398.480000000,396.037020041,365.000000000,2.442979959,33.480000000,2.442979959,33.480000000,local_source_profile,fail,corrected_local_source_total,Diagnostic only. Luminary totals exclude displayed Chesta; no tolerance widening and no execution authorization.
GANN_JHORA_DOCTRINE_RECONCILIATION_V3,gann_reference_tokyo,MERCURY,sthana,176.610000000,179.615280018,176.610000000,-3.005280018,0.000000000,3.005280018,0.000000000,pyjhora_secondary_profile,fail,independent_sthana_profile_residual,Diagnostic only. Luminary totals exclude displayed Chesta; no tolerance widening and no execution authorization.
GANN_JHORA_DOCTRINE_RECONCILIATION_V3,gann_reference_tokyo,MERCURY,kaala,123.210000000,120.470571028,84.130000000,2.739428972,39.080000000,2.739428972,39.080000000,local_source_profile,fail,local_source_profile_closer_requires_subcomponent_witness,Diagnostic only. Luminary totals exclude displayed Chesta; no tolerance widening and no execution authorization.
GANN_JHORA_DOCTRINE_RECONCILIATION_V3,gann_reference_tokyo,MERCURY,dig,24.890000000,24.889917765,24.890000000,0.000082235,0.000000000,0.000082235,0.000000000,pyjhora_secondary_profile,pass,independent_dig_profile_residual,Diagnostic only. Luminary totals exclude displayed Chesta; no tolerance widening and no execution authorization.
GANN_JHORA_DOCTRINE_RECONCILIATION_V3,gann_reference_tokyo,MERCURY,chesta,11.270000000,22.988542227,97.400000000,-11.718542227,-86.130000000,11.718542227,86.130000000,local_source_profile,fail,mean_longitude_profile_mixed_requires_reconciliation,Diagnostic only. Luminary totals exclude displayed Chesta; no tolerance widening and no execution authorization.
GANN_JHORA_DOCTRINE_RECONCILIATION_V3,gann_reference_tokyo,MERCURY,naisargika,25.700000000,25.710000000,25.710000000,-0.010000000,-0.010000000,0.010000000,0.010000000,tie,pass,independent_naisargika_alignment,Diagnostic only. Luminary totals exclude displayed Chesta; no tolerance widening and no execution authorization.
GANN_JHORA_DOCTRINE_RECONCILIATION_V3,gann_reference_tokyo,MERCURY,drik,-3.030000000,-3.030000000,-3.030000000,0.000000000,0.000000000,0.000000000,0.000000000,tie,pass,independent_drik_profile_mismatch,Diagnostic only. Luminary totals exclude displayed Chesta; no tolerance widening and no execution authorization.
GANN_JHORA_DOCTRINE_RECONCILIATION_V3,gann_reference_tokyo,MERCURY,total,358.660000000,370.644311038,475.930000000,-11.984311038,-117.270000000,11.984311038,117.270000000,local_source_profile,fail,corrected_local_source_total,Diagnostic only. Luminary totals exclude displayed Chesta; no tolerance widening and no execution authorization.
GANN_JHORA_DOCTRINE_RECONCILIATION_V3,gann_reference_tokyo,JUPITER,sthana,210.830000000,211.335991431,192.080000000,-0.505991431,18.750000000,0.505991431,18.750000000,local_source_profile,fail,independent_sthana_profile_residual,Diagnostic only. Luminary totals exclude displayed Chesta; no tolerance widening and no execution authorization.
GANN_JHORA_DOCTRINE_RECONCILIATION_V3,gann_reference_tokyo,JUPITER,kaala,102.310000000,101.927463779,139.700000000,0.382536221,-37.390000000,0.382536221,37.390000000,local_source_profile,pass,local_source_profile_closer_requires_subcomponent_witness,Diagnostic only. Luminary totals exclude displayed Chesta; no tolerance widening and no execution authorization.
GANN_JHORA_DOCTRINE_RECONCILIATION_V3,gann_reference_tokyo,JUPITER,dig,44.940000000,44.943962511,44.940000000,-0.003962511,0.000000000,0.003962511,0.000000000,pyjhora_secondary_profile,pass,independent_dig_profile_residual,Diagnostic only. Luminary totals exclude displayed Chesta; no tolerance widening and no execution authorization.
GANN_JHORA_DOCTRINE_RECONCILIATION_V3,gann_reference_tokyo,JUPITER,chesta,20.870000000,17.443718526,11.830000000,3.426281474,9.040000000,3.426281474,9.040000000,local_source_profile,fail,mean_longitude_profile_mixed_requires_reconciliation,Diagnostic only. Luminary totals exclude displayed Chesta; no tolerance widening and no execution authorization.
GANN_JHORA_DOCTRINE_RECONCILIATION_V3,gann_reference_tokyo,JUPITER,naisargika,34.280000000,34.290000000,34.290000000,-0.010000000,-0.010000000,0.010000000,0.010000000,tie,pass,independent_naisargika_alignment,Diagnostic only. Luminary totals exclude displayed Chesta; no tolerance widening and no execution authorization.
GANN_JHORA_DOCTRINE_RECONCILIATION_V3,gann_reference_tokyo,JUPITER,drik,11.670000000,11.670000000,11.670000000,0.000000000,0.000000000,0.000000000,0.000000000,tie,pass,independent_drik_profile_mismatch,Diagnostic only. Luminary totals exclude displayed Chesta; no tolerance widening and no execution authorization.
GANN_JHORA_DOCTRINE_RECONCILIATION_V3,gann_reference_tokyo,JUPITER,total,424.900000000,421.611136247,464.630000000,3.288863753,-39.730000000,3.288863753,39.730000000,local_source_profile,fail,corrected_local_source_total,Diagnostic only. Luminary totals exclude displayed Chesta; no tolerance widening and no execution authorization.
GANN_JHORA_DOCTRINE_RECONCILIATION_V3,gann_reference_tokyo,VENUS,sthana,184.390000000,191.891348017,184.390000000,-7.501348017,0.000000000,7.501348017,0.000000000,pyjhora_secondary_profile,fail,independent_sthana_profile_residual,Diagnostic only. Luminary totals exclude displayed Chesta; no tolerance widening and no execution authorization.
GANN_JHORA_DOCTRINE_RECONCILIATION_V3,gann_reference_tokyo,VENUS,kaala,137.460000000,136.898355760,225.370000000,0.561644240,-87.910000000,0.561644240,87.910000000,local_source_profile,fail,local_source_profile_closer_requires_subcomponent_witness,Diagnostic only. Luminary totals exclude displayed Chesta; no tolerance widening and no execution authorization.
GANN_JHORA_DOCTRINE_RECONCILIATION_V3,gann_reference_tokyo,VENUS,dig,42.380000000,44.885340405,44.880000000,-2.505340405,-2.500000000,2.505340405,2.500000000,pyjhora_secondary_profile,fail,independent_dig_profile_residual,Diagnostic only. Luminary totals exclude displayed Chesta; no tolerance widening and no execution authorization.
GANN_JHORA_DOCTRINE_RECONCILIATION_V3,gann_reference_tokyo,VENUS,chesta,22.080000000,14.293161067,78.270000000,7.786838933,-56.190000000,7.786838933,56.190000000,local_source_profile,fail,mean_longitude_profile_mixed_requires_reconciliation,Diagnostic only. Luminary totals exclude displayed Chesta; no tolerance widening and no execution authorization.
GANN_JHORA_DOCTRINE_RECONCILIATION_V3,gann_reference_tokyo,VENUS,naisargika,42.850000000,42.860000000,42.860000000,-0.010000000,-0.010000000,0.010000000,0.010000000,tie,pass,independent_naisargika_alignment,Diagnostic only. Luminary totals exclude displayed Chesta; no tolerance widening and no execution authorization.
GANN_JHORA_DOCTRINE_RECONCILIATION_V3,gann_reference_tokyo,VENUS,drik,2.400000000,0.480000000,0.480000000,1.920000000,1.920000000,1.920000000,1.920000000,tie,fail,independent_drik_profile_mismatch,Diagnostic only. Luminary totals exclude displayed Chesta; no tolerance widening and no execution authorization.
GANN_JHORA_DOCTRINE_RECONCILIATION_V3,gann_reference_tokyo,VENUS,total,431.560000000,431.308205249,606.490000000,0.251794751,-174.930000000,0.251794751,174.930000000,local_source_profile,pass,corrected_local_source_total,Diagnostic only. Luminary totals exclude displayed Chesta; no tolerance widening and no execution authorization.
GANN_JHORA_DOCTRINE_RECONCILIATION_V3,gann_reference_tokyo,SATURN,sthana,166.880000000,174.877807506,166.880000000,-7.997807506,0.000000000,7.997807506,0.000000000,pyjhora_secondary_profile,fail,independent_sthana_profile_residual,Diagnostic only. Luminary totals exclude displayed Chesta; no tolerance widening and no execution authorization.
GANN_JHORA_DOCTRINE_RECONCILIATION_V3,gann_reference_tokyo,SATURN,kaala,88.550000000,86.762695788,50.010000000,1.787304212,38.540000000,1.787304212,38.540000000,local_source_profile,fail,local_source_profile_closer_requires_subcomponent_witness,Diagnostic only. Luminary totals exclude displayed Chesta; no tolerance widening and no execution authorization.
GANN_JHORA_DOCTRINE_RECONCILIATION_V3,gann_reference_tokyo,SATURN,dig,29.730000000,29.730163575,29.730000000,-0.000163575,0.000000000,0.000163575,0.000000000,pyjhora_secondary_profile,pass,independent_dig_profile_residual,Diagnostic only. Luminary totals exclude displayed Chesta; no tolerance widening and no execution authorization.
GANN_JHORA_DOCTRINE_RECONCILIATION_V3,gann_reference_tokyo,SATURN,chesta,39.440000000,57.667927666,44.790000000,-18.227927666,-5.350000000,18.227927666,5.350000000,pyjhora_secondary_profile,fail,mean_longitude_profile_mixed_requires_reconciliation,Diagnostic only. Luminary totals exclude displayed Chesta; no tolerance widening and no execution authorization.
GANN_JHORA_DOCTRINE_RECONCILIATION_V3,gann_reference_tokyo,SATURN,naisargika,8.570000000,8.570000000,8.570000000,0.000000000,0.000000000,0.000000000,0.000000000,tie,pass,independent_naisargika_alignment,Diagnostic only. Luminary totals exclude displayed Chesta; no tolerance widening and no execution authorization.
GANN_JHORA_DOCTRINE_RECONCILIATION_V3,gann_reference_tokyo,SATURN,drik,-0.230000000,-4.140000000,-4.130000000,3.910000000,3.900000000,3.910000000,3.900000000,pyjhora_secondary_profile,fail,independent_drik_profile_mismatch,Diagnostic only. Luminary totals exclude displayed Chesta; no tolerance widening and no execution authorization.
GANN_JHORA_DOCTRINE_RECONCILIATION_V3,gann_reference_tokyo,SATURN,total,332.940000000,353.468594535,295.850000000,-20.528594535,37.090000000,20.528594535,37.090000000,local_source_profile,fail,corrected_local_source_total,Diagnostic only. Luminary totals exclude displayed Chesta; no tolerance widening and no execution authorization.
